상품종류,단축코드,표준코드,한글종목명,ATM구분,행사가,월물구분코드,기초자산 단축코드,기초자산 명,시장분류코드,만기,delta,gamma,theta,vega,rho,otst,date,gamma_exposure
6,301V11210,KR4301VB2108,P 202411 210.0,3,210.0, ,2001,KOSPI200,P,202411,0.0,0.0,-0.0,0.0,0.0,13683,20241103,0.0
6,301V11212,KR4301VB2124,P 202411 212.5,3,212.5, ,2001,KOSPI200,P,202411,0.0,0.0,-0.0,0.0,0.0,8132,20241103,0.0
6,301V11215,KR4301VB2157,P 202411 215.0,3,215.0, ,2001,KOSPI200,P,202411,0.0,0.0,-0.0,0.0,0.0,7329,20241103,0.0
6,301V11217,KR4301VB2173,P 202411 217.5,3,217.5, ,2001,KOSPI200,P,202411,0.0,0.0,-0.0,0.0,0.0,4466,20241103,0.0
6,301V11220,KR4301VB2207,P 202411 220.0,3,220.0, ,2001,KOSPI200,P,202411,0.0,0.0,-0.0,0.0,0.0,5653,20241103,0.0
6,301V11222,KR4301VB2223,P 202411 222.5,3,222.5, ,2001,KOSPI200,P,202411,0.0,0.0,-0.0,0.0,0.0,2323,20241103,0.0
6,301V11225,KR4301VB2256,P 202411 225.0,3,225.0, ,2001,KOSPI200,P,202411,0.0,0.0,-0.0,0.0,0.0,3969,20241103,0.0
6,301V11227,KR4301VB2272,P 202411 227.5,3,227.5, ,2001,KOSPI200,P,202411,0.0,0.0,-0.0,0.0,-0.0,3217,20241103,0.0
6,301V11230,KR4301VB2306,P 202411 230.0,3,230.0, ,2001,KOSPI200,P,202411,-0.0,0.0,-0.0,0.0,-0.0,3471,20241103,0.0
6,301V11232,KR4301VB2322,P 202411 232.5,3,232.5, ,2001,KOSPI200,P,202411,-0.0,0.0,-0.0,0.0,-0.0,1288,20241103,0.0
6,301V11235,KR4301VB2355,P 202411 235.0,3,235.0, ,2001,KOSPI200,P,202411,-0.0,0.0,-0.0,0.0,-0.0,1462,20241103,0.0
6,301V11237,KR4301VB2371,P 202411 237.5,3,237.5, ,2001,KOSPI200,P,202411,-0.0,0.0,-0.0,0.0,-0.0,1117,20241103,0.0
6,301V11240,KR4301VB2405,P 202411 240.0,3,240.0, ,2001,KOSPI200,P,202411,-0.0,0.0,-0.0,0.0,-0.0,6180,20241103,0.0
6,301V11242,KR4301VB2421,P 202411 242.5,3,242.5, ,2001,KOSPI200,P,202411,-0.0,0.0,-0.0,0.0,-0.0,2178,20241103,0.0
6,301V11245,KR4301VB2454,P 202411 245.0,3,245.0, ,2001,KOSPI200,P,202411,-0.0,0.0,-0.0,0.0,-0.0,2330,20241103,0.0
6,301V11247,KR4301VB2470,P 202411 247.5,3,247.5, ,2001,KOSPI200,P,202411,-0.0,0.0,-0.0,0.0,-0.0,1171,20241103,0.0
6,301V11250,KR4301VB2504,P 202411 250.0,3,250.0, ,2001,KOSPI200,P,202411,-0.0,0.0,-0.0,0.0,-0.0,2902,20241103,0.0
6,301V11252,KR4301VB2520,P 202411 252.5,3,252.5, ,2001,KOSPI200,P,202411,-0.0,0.0,-0.0,0.0,-0.0,2596,20241103,0.0
6,301V11255,KR4301VB2553,P 202411 255.0,3,255.0, ,2001,KOSPI200,P,202411,-0.0,0.0,-0.0,0.0,-0.0,1805,20241103,0.0
6,301V11257,KR4301VB2579,P 202411 257.5,3,257.5, ,2001,KOSPI200,P,202411,-0.0,0.0,-0.0,0.0,-0.0,3226,20241103,0.0
6,301V11260,KR4301VB2603,P 202411 260.0,3,260.0, ,2001,KOSPI200,P,202411,-0.0,0.0,-0.0,0.0,-0.0,2725,20241103,0.0
6,301V11262,KR4301VB2629,P 202411 262.5,3,262.5, ,2001,KOSPI200,P,202411,-0.0,0.0,-0.0,0.0,-0.0,2466,20241103,0.0
6,301V11265,KR4301VB2652,P 202411 265.0,3,265.0, ,2001,KOSPI200,P,202411,-0.0,0.0,-0.0,0.0,-0.0,2864,20241103,0.0
6,301V11267,KR4301VB2678,P 202411 267.5,3,267.5, ,2001,KOSPI200,P,202411,-0.0,0.0,-0.0,0.0,-0.0,3907,20241103,0.0
6,301V11270,KR4301VB2702,P 202411 270.0,3,270.0, ,2001,KOSPI200,P,202411,-0.0,0.0,-0.0,0.0,-0.0,5006,20241103,0.0
6,301V11272,KR4301VB2728,P 202411 272.5,3,272.5, ,2001,KOSPI200,P,202411,-0.0,0.0,-0.0,0.0,-0.0,3356,20241103,0.0
6,301V11275,KR4301VB2751,P 202411 275.0,3,275.0, ,2001,KOSPI200,P,202411,-0.0,0.0,-0.0,0.0,-0.0,5641,20241103,0.0
6,301V11277,KR4301VB2777,P 202411 277.5,3,277.5, ,2001,KOSPI200,P,202411,-0.0,0.0,-0.0,0.0,-0.0,2910,20241103,0.0
6,301V11280,KR4301VB2801,P 202411 280.0,3,280.0, ,2001,KOSPI200,P,202411,-0.0,0.0,-0.0001,0.0001,-0.0,4710,20241103,0.0
6,301V11282,KR4301VB2827,P 202411 282.5,3,282.5, ,2001,KOSPI200,P,202411,-0.0001,0.0,-0.0002,0.0002,-0.0,3060,20241103,0.0
6,301V11285,KR4301VB2850,P 202411 285.0,3,285.0, ,2001,KOSPI200,P,202411,-0.0002,0.0,-0.0004,0.0004,-0.0,3028,20241103,0.0
6,301V11287,KR4301VB2876,P 202411 287.5,3,287.5, ,2001,KOSPI200,P,202411,-0.0003,0.0001,-0.0007,0.0008,-0.0,2711,20241103,0.2711
6,301V11290,KR4301VB2900,P 202411 290.0,3,290.0, ,2001,KOSPI200,P,202411,-0.0006,0.0001,-0.0014,0.0014,-0.0001,5821,20241103,0.5821000000000001
6,301V11292,KR4301VB2926,P 202411 292.5,3,292.5, ,2001,KOSPI200,P,202411,-0.0012,0.0002,-0.0024,0.0025,-0.0001,5246,20241103,1.0492000000000001
6,301V11295,KR4301VB2959,P 202411 295.0,3,295.0, ,2001,KOSPI200,P,202411,-0.0021,0.0004,-0.004,0.0042,-0.0003,9330,20241103,3.732
6,301V11297,KR4301VB2975,P 202411 297.5,3,297.5, ,2001,KOSPI200,P,202411,-0.0036,0.0007,-0.0066,0.0069,-0.0004,6101,20241103,4.2707
6,301V11300,KR4301VB3007,P 202411 300.0,3,300.0, ,2001,KOSPI200,P,202411,-0.006,0.0011,-0.0104,0.0108,-0.0007,9675,20241103,10.6425
6,301V11302,KR4301VB3023,P 202411 302.5,3,302.5, ,2001,KOSPI200,P,202411,-0.0097,0.0016,-0.0158,0.0165,-0.0012,4773,20241103,7.6368
6,301V11305,KR4301VB3056,P 202411 305.0,3,305.0, ,2001,KOSPI200,P,202411,-0.0151,0.0024,-0.0232,0.0243,-0.0018,8956,20241103,21.4944
6,301V11307,KR4301VB3072,P 202411 307.5,3,307.5, ,2001,KOSPI200,P,202411,-0.023,0.0034,-0.033,0.0347,-0.0028,7257,20241103,24.6738
6,301V11310,KR4301VB3106,P 202411 310.0,3,310.0, ,2001,KOSPI200,P,202411,-0.0339,0.0047,-0.0456,0.0479,-0.0042,14860,20241103,69.842
6,301V11312,KR4301VB3122,P 202411 312.5,3,312.5, ,2001,KOSPI200,P,202411,-0.0486,0.0063,-0.061,0.0642,-0.006,6813,20241103,42.9219
6,301V11315,KR4301VB3155,P 202411 315.0,3,315.0, ,2001,KOSPI200,P,202411,-0.0679,0.0081,-0.0792,0.0835,-0.0083,9215,20241103,74.6415
6,301V11317,KR4301VB3171,P 202411 317.5,3,317.5, ,2001,KOSPI200,P,202411,-0.0924,0.0103,-0.0998,0.1054,-0.0114,5408,20241103,55.7024
6,301V11320,KR4301VB3205,P 202411 320.0,3,320.0, ,2001,KOSPI200,P,202411,-0.1226,0.0126,-0.1221,0.1293,-0.0151,13489,20241103,169.9614
6,301V11322,KR4301VB3221,P 202411 322.5,3,322.5, ,2001,KOSPI200,P,202411,-0.1588,0.015,-0.1451,0.1542,-0.0196,5147,20241103,77.205
6,301V11325,KR4301VB3254,P 202411 325.0,3,325.0, ,2001,KOSPI200,P,202411,-0.201,0.0174,-0.1678,0.1789,-0.0248,12164,20241103,211.65359999999998
6,301V11327,KR4301VB3270,P 202411 327.5,3,327.5, ,2001,KOSPI200,P,202411,-0.249,0.0197,-0.1888,0.202,-0.0308,5952,20241103,117.25439999999999
6,301V11330,KR4301VB3304,P 202411 330.0,3,330.0, ,2001,KOSPI200,P,202411,-0.302,0.0216,-0.2067,0.2221,-0.0374,14828,20241103,320.2848
6,301V11332,KR4301VB3320,P 202411 332.5,3,332.5, ,2001,KOSPI200,P,202411,-0.3592,0.0232,-0.2204,0.2381,-0.0446,6630,20241103,153.816
6,301V11335,KR4301VB3353,P 202411 335.0,3,335.0, ,2001,KOSPI200,P,202411,-0.4192,0.0242,-0.2289,0.2489,-0.0522,9707,20241103,234.9094
6,301V11337,KR4301VB3379,P 202411 337.5,3,337.5, ,2001,KOSPI200,P,202411,-0.4807,0.0247,-0.2317,0.2538,-0.06,4929,20241103,121.7463
6,301V11340,KR4301VB3403,P 202411 340.0,1,340.0, ,2001,KOSPI200,P,202411,-0.5422,0.0246,-0.2285,0.2527,-0.0679,7126,20241103,175.2996
6,301V11342,KR4301VB3429,P 202411 342.5,2,342.5, ,2001,KOSPI200,P,202411,-0.6023,0.0239,-0.2197,0.2457,-0.0756,3200,20241103,76.48
6,301V11345,KR4301VB3452,P 202411 345.0,2,345.0, ,2001,KOSPI200,P,202411,-0.6596,0.0227,-0.2059,0.2335,-0.0831,4609,20241103,104.6243
6,301V11347,KR4301VB3478,P 202411 347.5,2,347.5, ,2001,KOSPI200,P,202411,-0.7131,0.0211,-0.1879,0.2169,-0.0901,6958,20241103,146.81380000000001
6,301V11350,KR4301VB3502,P 202411 350.0,2,350.0, ,2001,KOSPI200,P,202411,-0.7619,0.0192,-0.167,0.1971,-0.0967,5623,20241103,107.96159999999999
6,301V11352,KR4301VB3528,P 202411 352.5,2,352.5, ,2001,KOSPI200,P,202411,-0.8055,0.0171,-0.1442,0.1753,-0.1026,1880,20241103,32.148
6,301V11355,KR4301VB3551,P 202411 355.0,2,355.0, ,2001,KOSPI200,P,202411,-0.8436,0.0149,-0.1208,0.1527,-0.1079,833,20241103,12.4117
6,301V11357,KR4301VB3577,P 202411 357.5,2,357.5, ,2001,KOSPI200,P,202411,-0.8762,0.0127,-0.0977,0.1303,-0.1126,294,20241103,3.7338
6,301V11360,KR4301VB3601,P 202411 360.0,2,360.0, ,2001,KOSPI200,P,202411,-0.9035,0.0106,-0.0758,0.1089,-0.1167,779,20241103,8.2574
6,301V11362,KR4301VB3627,P 202411 362.5,2,362.5, ,2001,KOSPI200,P,202411,-0.926,0.0087,-0.0558,0.0893,-0.1202,215,20241103,1.8704999999999998
6,301V11365,KR4301VB3650,P 202411 365.0,2,365.0, ,2001,KOSPI200,P,202411,-0.9441,0.007,-0.0379,0.0717,-0.1233,147,20241103,1.029
6,301V11367,KR4301VB3676,P 202411 367.5,2,367.5, ,2001,KOSPI200,P,202411,-0.9585,0.0055,-0.0225,0.0566,-0.1258,79,20241103,0.4345
6,301V11370,KR4301VB3700,P 202411 370.0,2,370.0, ,2001,KOSPI200,P,202411,-0.9696,0.0043,-0.0095,0.0438,-0.128,1954,20241103,8.4022
6,301V11372,KR4301VB3726,P 202411 372.5,2,372.5, ,2001,KOSPI200,P,202411,-0.9781,0.0032,0.0013,0.0333,-0.1299,9,20241103,0.028800000000000003
6,301V11375,KR4301VB3759,P 202411 375.0,2,375.0, ,2001,KOSPI200,P,202411,-0.9844,0.0024,0.0099,0.0249,-0.1316,43,20241103,0.10319999999999999
6,301V11377,KR4301VB3775,P 202411 377.5,2,377.5, ,2001,KOSPI200,P,202411,-0.9891,0.0018,0.0167,0.0183,-0.133,14,20241103,0.0252
6,301V11380,KR4301VB3809,P 202411 380.0,2,380.0, ,2001,KOSPI200,P,202411,-0.9925,0.0013,0.022,0.0132,-0.1343,757,20241103,0.9841
6,301V11382,KR4301VB3825,P 202411 382.5,2,382.5, ,2001,KOSPI200,P,202411,-0.9949,0.0009,0.026,0.0093,-0.1355,5,20241103,0.0045
6,301V11385,KR4301VB3858,P 202411 385.0,2,385.0, ,2001,KOSPI200,P,202411,-0.9966,0.0006,0.0291,0.0065,-0.1366,208,20241103,0.1248
6,301V11387,KR4301VB3874,P 202411 387.5,2,387.5, ,2001,KOSPI200,P,202411,-0.9978,0.0004,0.0313,0.0045,-0.1376,1,20241103,0.0004
6,301V11390,KR4301VB3908,P 202411 390.0,2,390.0, ,2001,KOSPI200,P,202411,-0.9985,0.0003,0.033,0.003,-0.1386,6,20241103,0.0018
6,301V11392,KR4301VB3924,P 202411 392.5,2,392.5, ,2001,KOSPI200,P,202411,-0.9991,0.0002,0.0342,0.002,-0.1395,128,20241103,0.0256
6,301V11395,KR4301VB3957,P 202411 395.0,2,395.0, ,2001,KOSPI200,P,202411,-0.9994,0.0001,0.0351,0.0013,-0.1404,14,20241103,0.0014
6,301V11397,KR4301VB3973,P 202411 397.5,2,397.5, ,2001,KOSPI200,P,202411,-0.9996,0.0001,0.0358,0.0009,-0.1414,0,20241103,0.0
6,301V11400,KR4301VB4005,P 202411 400.0,2,400.0, ,2001,KOSPI200,P,202411,-0.9998,0.0001,0.0364,0.0005,-0.1423,8,20241103,0.0008
6,301V11402,KR4301VB4021,P 202411 402.5,2,402.5, ,2001,KOSPI200,P,202411,-0.9999,0.0,0.0368,0.0003,-0.1432,0,20241103,0.0
6,301V11405,KR4301VB4054,P 202411 405.0,2,405.0, ,2001,KOSPI200,P,202411,-0.9999,0.0,0.0372,0.0002,-0.1441,12,20241103,0.0
6,301V11407,KR4301VB4070,P 202411 407.5,2,407.5, ,2001,KOSPI200,P,202411,-1.0,0.0,0.0375,0.0001,-0.145,0,20241103,0.0
6,301V11410,KR4301VB4104,P 202411 410.0,2,410.0, ,2001,KOSPI200,P,202411,-1.0,0.0,0.0378,0.0001,-0.1458,21,20241103,0.0
6,301V11412,KR4301VB4120,P 202411 412.5,2,412.5, ,2001,KOSPI200,P,202411,-1.0,0.0,0.038,0.0,-0.1467,0,20241103,0.0
6,301V11415,KR4301VB4153,P 202411 415.0,2,415.0, ,2001,KOSPI200,P,202411,-1.0,0.0,0.0383,0.0,-0.1476,0,20241103,0.0
6,301V11417,KR4301VB4179,P 202411 417.5,2,417.5, ,2001,KOSPI200,P,202411,-1.0,0.0,0.0385,0.0,-0.1485,0,20241103,0.0
6,301V11420,KR4301VB4203,P 202411 420.0,2,420.0, ,2001,KOSPI200,P,202411,-1.0,0.0,0.0388,0.0,-0.1494,2,20241103,0.0
6,301V11422,KR4301VB4229,P 202411 422.5,2,422.5, ,2001,KOSPI200,P,202411,-1.0,0.0,0.039,0.0,-0.1503,6,20241103,0.0
6,301V11425,KR4301VB4252,P 202411 425.0,2,425.0, ,2001,KOSPI200,P,202411,-1.0,0.0,0.0392,0.0,-0.1512,0,20241103,0.0
6,301V11427,KR4301VB4278,P 202411 427.5,2,427.5, ,2001,KOSPI200,P,202411,-1.0,0.0,0.0395,0.0,-0.1521,0,20241103,0.0
6,301V11430,KR4301VB4302,P 202411 430.0,2,430.0, ,2001,KOSPI200,P,202411,-1.0,0.0,0.0397,0.0,-0.153,1,20241103,0.0
6,301V11432,KR4301VB4328,P 202411 432.5,2,432.5, ,2001,KOSPI200,P,202411,-1.0,0.0,0.0399,0.0,-0.1539,0,20241103,0.0
6,301V11435,KR4301VB4351,P 202411 435.0,2,435.0, ,2001,KOSPI200,P,202411,-1.0,0.0,0.0401,0.0,-0.1547,0,20241103,0.0
6,301V11437,KR4301VB4377,P 202411 437.5,2,437.5, ,2001,KOSPI200,P,202411,-1.0,0.0,0.0404,0.0,-0.1556,0,20241103,0.0
6,301V11440,KR4301VB4401,P 202411 440.0,2,440.0, ,2001,KOSPI200,P,202411,-1.0,0.0,0.0406,0.0,-0.1565,41,20241103,0.0
6,301V11442,KR4301VB4427,P 202411 442.5,2,442.5, ,2001,KOSPI200,P,202411,-1.0,0.0,0.0408,0.0,-0.1574,20,20241103,0.0
6,301V11445,KR4301VB4450,P 202411 445.0,2,445.0, ,2001,KOSPI200,P,202411,-1.0,0.0,0.0411,0.0,-0.1583,20,20241103,0.0
6,301V11447,KR4301VB4476,P 202411 447.5,2,447.5, ,2001,KOSPI200,P,202411,-1.0,0.0,0.0413,0.0,-0.1592,0,20241103,0.0
6,301V11450,KR4301VB4500,P 202411 450.0,2,450.0, ,2001,KOSPI200,P,202411,-1.0,0.0,0.0415,0.0,-0.1601,19,20241103,0.0
6,301V11452,KR4301VB4526,P 202411 452.5,2,452.5, ,2001,KOSPI200,P,202411,-1.0,0.0,0.0418,0.0,-0.161,0,20241103,0.0
6,301V11455,KR4301VB4559,P 202411 455.0,2,455.0, ,2001,KOSPI200,P,202411,-1.0,0.0,0.042,0.0,-0.1619,0,20241103,0.0
6,301V11457,KR4301VB4575,P 202411 457.5,2,457.5, ,2001,KOSPI200,P,202411,-1.0,0.0,0.0422,0.0,-0.1627,0,20241103,0.0
6,301V11460,KR4301VB4609,P 202411 460.0,2,460.0, ,2001,KOSPI200,P,202411,-1.0,0.0,0.0425,0.0,-0.1636,72,20241103,0.0
6,301V11462,KR4301VB4625,P 202411 462.5,2,462.5, ,2001,KOSPI200,P,202411,-1.0,0.0,0.0427,0.0,-0.1645,0,20241103,0.0
6,301V11465,KR4301VB4658,P 202411 465.0,2,465.0, ,2001,KOSPI200,P,202411,-1.0,0.0,0.0429,0.0,-0.1654,0,20241103,0.0
6,301V11467,KR4301VB4674,P 202411 467.5,2,467.5, ,2001,KOSPI200,P,202411,-1.0,0.0,0.0431,0.0,-0.1663,0,20241103,0.0
6,301V11470,KR4301VB4708,P 202411 470.0,2,470.0, ,2001,KOSPI200,P,202411,-1.0,0.0,0.0434,0.0,-0.1672,0,20241103,0.0
6,301V11472,KR4301VB4724,P 202411 472.5,2,472.5, ,2001,KOSPI200,P,202411,-1.0,0.0,0.0436,0.0,-0.1681,0,20241103,0.0
6,301V11475,KR4301VB4757,P 202411 475.0,2,475.0, ,2001,KOSPI200,P,202411,-1.0,0.0,0.0438,0.0,-0.169,0,20241103,0.0
6,301V11477,KR4301VB4773,P 202411 477.5,2,477.5, ,2001,KOSPI200,P,202411,-1.0,0.0,0.0441,0.0,-0.1699,0,20241103,0.0
6,301V11480,KR4301VB4807,P 202411 480.0,2,480.0, ,2001,KOSPI200,P,202411,-1.0,0.0,0.0443,0.0,-0.1708,0,20241103,0.0
6,301V11482,KR4301VB4823,P 202411 482.5,2,482.5, ,2001,KOSPI200,P,202411,-1.0,0.0,0.0445,0.0,-0.1716,0,20241103,0.0
6,301V11485,KR4301VB4856,P 202411 485.0,2,485.0, ,2001,KOSPI200,P,202411,-1.0,0.0,0.0448,0.0,-0.1725,0,20241103,0.0
6,301V11487,KR4301VB4872,P 202411 487.5,2,487.5, ,2001,KOSPI200,P,202411,-1.0,0.0,0.045,0.0,-0.1734,0,20241103,0.0
6,301V11490,KR4301VB4906,P 202411 490.0,2,490.0, ,2001,KOSPI200,P,202411,-1.0,0.0,0.0452,0.0,-0.1743,0,20241103,0.0
6,301V11492,KR4301VB4922,P 202411 492.5,2,492.5, ,2001,KOSPI200,P,202411,-1.0,0.0,0.0455,0.0,-0.1752,0,20241103,0.0
6,301V11495,KR4301VB4955,P 202411 495.0,2,495.0, ,2001,KOSPI200,P,202411,-1.0,0.0,0.0457,0.0,-0.1761,0,20241103,0.0
6,301V11497,KR4301VB4971,P 202411 497.5,2,497.5, ,2001,KOSPI200,P,202411,-1.0,0.0,0.0459,0.0,-0.177,0,20241103,0.0
6,301V11500,KR4301VB5002,P 202411 500.0,2,500.0, ,2001,KOSPI200,P,202411,-1.0,0.0,0.0461,0.0,-0.1779,0,20241103,0.0
6,301V11502,KR4301VB5028,P 202411 502.5,2,502.5, ,2001,KOSPI200,P,202411,-1.0,0.0,0.0464,0.0,-0.1788,0,20241103,0.0
6,301V11505,KR4301VB5051,P 202411 505.0,2,505.0, ,2001,KOSPI200,P,202411,-1.0,0.0,0.0466,0.0,-0.1796,0,20241103,0.0
6,301V11507,KR4301VB5077,P 202411 507.5,2,507.5, ,2001,KOSPI200,P,202411,-1.0,0.0,0.0468,0.0,-0.1805,0,20241103,0.0
6,301V11510,KR4301VB5101,P 202411 510.0,2,510.0, ,2001,KOSPI200,P,202411,-1.0,0.0,0.0471,0.0,-0.1814,0,20241103,0.0
6,301V11512,KR4301VB5127,P 202411 512.5,2,512.5, ,2001,KOSPI200,P,202411,-1.0,0.0,0.0473,0.0,-0.1823,0,20241103,0.0
6,301V11515,KR4301VB5150,P 202411 515.0,2,515.0, ,2001,KOSPI200,P,202411,-1.0,0.0,0.0475,0.0,-0.1832,0,20241103,0.0
6,301V11517,KR4301VB5176,P 202411 517.5,2,517.5, ,2001,KOSPI200,P,202411,-1.0,0.0,0.0478,0.0,-0.1841,0,20241103,0.0
6,301V11520,KR4301VB5200,P 202411 520.0,2,520.0, ,2001,KOSPI200,P,202411,-1.0,0.0,0.048,0.0,-0.185,69,20241103,0.0
6,301V12160,KR4301VC1604,P 202412 160.0,3,160.0, ,2001,KOSPI200,P,202412,0.0,0.0,-0.0,0.0,0.0,3936,20241103,0.0
6,301V12162,KR4301VC1620,P 202412 162.5,3,162.5, ,2001,KOSPI200,P,202412,0.0,0.0,-0.0,0.0,-0.0,30,20241103,0.0
6,301V12165,KR4301VC1653,P 202412 165.0,3,165.0, ,2001,KOSPI200,P,202412,0.0,0.0,-0.0,0.0,0.0,292,20241103,0.0
6,301V12167,KR4301VC1679,P 202412 167.5,3,167.5, ,2001,KOSPI200,P,202412,0.0,0.0,-0.0,0.0,-0.0,37,20241103,0.0
6,301V12170,KR4301VC1703,P 202412 170.0,3,170.0, ,2001,KOSPI200,P,202412,-0.0,0.0,-0.0,0.0,-0.0,2920,20241103,0.0
6,301V12172,KR4301VC1729,P 202412 172.5,3,172.5, ,2001,KOSPI200,P,202412,-0.0,0.0,-0.0,0.0,-0.0,39,20241103,0.0
6,301V12175,KR4301VC1752,P 202412 175.0,3,175.0, ,2001,KOSPI200,P,202412,-0.0,0.0,-0.0,0.0,-0.0,467,20241103,0.0
6,301V12177,KR4301VC1778,P 202412 177.5,3,177.5, ,2001,KOSPI200,P,202412,-0.0,0.0,-0.0,0.0,-0.0,203,20241103,0.0
6,301V12180,KR4301VC1802,P 202412 180.0,3,180.0, ,2001,KOSPI200,P,202412,-0.0,0.0,-0.0,0.0,-0.0,3575,20241103,0.0
6,301V12182,KR4301VC1828,P 202412 182.5,3,182.5, ,2001,KOSPI200,P,202412,-0.0,0.0,-0.0,0.0,-0.0,65,20241103,0.0
6,301V12185,KR4301VC1851,P 202412 185.0,3,185.0, ,2001,KOSPI200,P,202412,-0.0,0.0,-0.0,0.0,-0.0,208,20241103,0.0
6,301V12187,KR4301VC1877,P 202412 187.5,3,187.5, ,2001,KOSPI200,P,202412,-0.0,0.0,-0.0,0.0,-0.0,227,20241103,0.0
6,301V12190,KR4301VC1901,P 202412 190.0,3,190.0, ,2001,KOSPI200,P,202412,-0.0,0.0,-0.0,0.0,-0.0,548,20241103,0.0
6,301V12192,KR4301VC1927,P 202412 192.5,3,192.5, ,2001,KOSPI200,P,202412,-0.0,0.0,-0.0,0.0,-0.0,326,20241103,0.0
6,301V12195,KR4301VC1950,P 202412 195.0,3,195.0, ,2001,KOSPI200,P,202412,-0.0,0.0,-0.0,0.0,-0.0,617,20241103,0.0
6,301V12197,KR4301VC1976,P 202412 197.5,3,197.5, ,2001,KOSPI200,P,202412,-0.0,0.0,-0.0,0.0,-0.0,128,20241103,0.0
6,301V12200,KR4301VC2008,P 202412 200.0,3,200.0, ,2001,KOSPI200,P,202412,-0.0,0.0,-0.0,0.0,-0.0,3853,20241103,0.0
6,301V12202,KR4301VC2024,P 202412 202.5,3,202.5, ,2001,KOSPI200,P,202412,-0.0,0.0,-0.0,0.0,-0.0,33,20241103,0.0
6,301V12205,KR4301VC2057,P 202412 205.0,3,205.0, ,2001,KOSPI200,P,202412,-0.0,0.0,-0.0,0.0,-0.0,206,20241103,0.0
6,301V12207,KR4301VC2073,P 202412 207.5,3,207.5, ,2001,KOSPI200,P,202412,-0.0,0.0,-0.0,0.0,-0.0,35,20241103,0.0
6,301V12210,KR4301VC2107,P 202412 210.0,3,210.0, ,2001,KOSPI200,P,202412,-0.0,0.0,-0.0,0.0,-0.0,650,20241103,0.0
6,301V12212,KR4301VC2123,P 202412 212.5,3,212.5, ,2001,KOSPI200,P,202412,-0.0,0.0,-0.0,0.0,-0.0,46,20241103,0.0
6,301V12215,KR4301VC2156,P 202412 215.0,3,215.0, ,2001,KOSPI200,P,202412,-0.0,0.0,-0.0,0.0,-0.0,201,20241103,0.0
6,301V12217,KR4301VC2172,P 202412 217.5,3,217.5, ,2001,KOSPI200,P,202412,-0.0,0.0,-0.0,0.0,-0.0,264,20241103,0.0
6,301V12220,KR4301VC2206,P 202412 220.0,3,220.0, ,2001,KOSPI200,P,202412,-0.0,0.0,-0.0,0.0,-0.0,3243,20241103,0.0
6,301V12222,KR4301VC2222,P 202412 222.5,3,222.5, ,2001,KOSPI200,P,202412,-0.0,0.0,-0.0,0.0,-0.0,200,20241103,0.0
6,301V12225,KR4301VC2255,P 202412 225.0,3,225.0, ,2001,KOSPI200,P,202412,-0.0,0.0,-0.0,0.0,-0.0,362,20241103,0.0
6,301V12227,KR4301VC2271,P 202412 227.5,3,227.5, ,2001,KOSPI200,P,202412,-0.0,0.0,-0.0,0.0,-0.0,600,20241103,0.0
6,301V12230,KR4301VC2305,P 202412 230.0,3,230.0, ,2001,KOSPI200,P,202412,-0.0,0.0,-0.0,0.0,-0.0,2644,20241103,0.0
6,301V12232,KR4301VC2321,P 202412 232.5,3,232.5, ,2001,KOSPI200,P,202412,-0.0,0.0,-0.0,0.0,-0.0,111,20241103,0.0
6,301V12235,KR4301VC2354,P 202412 235.0,3,235.0, ,2001,KOSPI200,P,202412,-0.0,0.0,-0.0,0.0,-0.0,323,20241103,0.0
6,301V12237,KR4301VC2370,P 202412 237.5,3,237.5, ,2001,KOSPI200,P,202412,-0.0,0.0,-0.0,0.0001,-0.0,162,20241103,0.0
6,301V12240,KR4301VC2404,P 202412 240.0,3,240.0, ,2001,KOSPI200,P,202412,-0.0,0.0,-0.0,0.0001,-0.0,6941,20241103,0.0
6,301V12242,KR4301VC2420,P 202412 242.5,3,242.5, ,2001,KOSPI200,P,202412,-0.0,0.0,-0.0,0.0002,-0.0,148,20241103,0.0
6,301V12245,KR4301VC2453,P 202412 245.0,3,245.0, ,2001,KOSPI200,P,202412,-0.0001,0.0,-0.0001,0.0003,-0.0,423,20241103,0.0
6,301V12247,KR4301VC2479,P 202412 247.5,3,247.5, ,2001,KOSPI200,P,202412,-0.0001,0.0,-0.0001,0.0004,-0.0,108,20241103,0.0
6,301V12250,KR4301VC2503,P 202412 250.0,3,250.0, ,2001,KOSPI200,P,202412,-0.0001,0.0,-0.0002,0.0006,-0.0001,6497,20241103,0.0
6,301V12252,KR4301VC2529,P 202412 252.5,3,252.5, ,2001,KOSPI200,P,202412,-0.0002,0.0,-0.0003,0.001,-0.0001,341,20241103,0.0
6,301V12255,KR4301VC2552,P 202412 255.0,3,255.0, ,2001,KOSPI200,P,202412,-0.0004,0.0,-0.0004,0.0014,-0.0001,864,20241103,0.0
6,301V12257,KR4301VC2578,P 202412 257.5,3,257.5, ,2001,KOSPI200,P,202412,-0.0005,0.0001,-0.0006,0.0021,-0.0002,125,20241103,0.0125
6,301V12260,KR4301VC2602,P 202412 260.0,3,260.0, ,2001,KOSPI200,P,202412,-0.0008,0.0001,-0.0009,0.0031,-0.0003,12238,20241103,1.2238
6,301V12262,KR4301VC2628,P 202412 262.5,3,262.5, ,2001,KOSPI200,P,202412,-0.0012,0.0001,-0.0013,0.0043,-0.0004,815,20241103,0.0815
6,301V12265,KR4301VC2651,P 202412 265.0,3,265.0, ,2001,KOSPI200,P,202412,-0.0017,0.0002,-0.0018,0.0061,-0.0006,1248,20241103,0.24960000000000002
6,301V12267,KR4301VC2677,P 202412 267.5,3,267.5, ,2001,KOSPI200,P,202412,-0.0024,0.0003,-0.0025,0.0083,-0.0009,238,20241103,0.07139999999999999
6,301V12270,KR4301VC2701,P 202412 270.0,3,270.0, ,2001,KOSPI200,P,202412,-0.0033,0.0003,-0.0034,0.0113,-0.0013,6479,20241103,1.9436999999999998
6,301V12272,KR4301VC2727,P 202412 272.5,3,272.5, ,2001,KOSPI200,P,202412,-0.0046,0.0005,-0.0045,0.0151,-0.0018,323,20241103,0.1615
6,301V12275,KR4301VC2750,P 202412 275.0,3,275.0, ,2001,KOSPI200,P,202412,-0.0062,0.0006,-0.0059,0.0199,-0.0024,497,20241103,0.29819999999999997
6,301V12277,KR4301VC2776,P 202412 277.5,3,277.5, ,2001,KOSPI200,P,202412,-0.0084,0.0008,-0.0077,0.0258,-0.0033,147,20241103,0.11760000000000001
6,301V12280,KR4301VC2800,P 202412 280.0,3,280.0, ,2001,KOSPI200,P,202412,-0.0111,0.001,-0.0098,0.033,-0.0043,7773,20241103,7.773000000000001
6,301V12282,KR4301VC2826,P 202412 282.5,3,282.5, ,2001,KOSPI200,P,202412,-0.0145,0.0013,-0.0124,0.0417,-0.0057,90,20241103,0.11699999999999999
6,301V12285,KR4301VC2859,P 202412 285.0,3,285.0, ,2001,KOSPI200,P,202412,-0.0188,0.0016,-0.0155,0.052,-0.0074,318,20241103,0.5088
6,301V12287,KR4301VC2875,P 202412 287.5,3,287.5, ,2001,KOSPI200,P,202412,-0.0241,0.002,-0.019,0.0641,-0.0094,194,20241103,0.388
6,301V12290,KR4301VC2909,P 202412 290.0,3,290.0, ,2001,KOSPI200,P,202412,-0.0305,0.0024,-0.0231,0.078,-0.012,7863,20241103,18.871199999999998
6,301V12292,KR4301VC2925,P 202412 292.5,3,292.5, ,2001,KOSPI200,P,202412,-0.0382,0.0029,-0.0277,0.0938,-0.015,155,20241103,0.44949999999999996
6,301V12295,KR4301VC2958,P 202412 295.0,3,295.0, ,2001,KOSPI200,P,202412,-0.0472,0.0034,-0.0329,0.1115,-0.0186,1226,20241103,4.1684
6,301V12297,KR4301VC2974,P 202412 297.5,3,297.5, ,2001,KOSPI200,P,202412,-0.0579,0.004,-0.0386,0.131,-0.0228,278,20241103,1.112
6,301V12300,KR4301VC3006,P 202412 300.0,3,300.0, ,2001,KOSPI200,P,202412,-0.0702,0.0047,-0.0447,0.1522,-0.0277,11342,20241103,53.3074
6,301V12302,KR4301VC3022,P 202412 302.5,3,302.5, ,2001,KOSPI200,P,202412,-0.0843,0.0054,-0.0513,0.175,-0.0333,324,20241103,1.7496
6,301V12305,KR4301VC3055,P 202412 305.0,3,305.0, ,2001,KOSPI200,P,202412,-0.1004,0.0061,-0.0582,0.199,-0.0396,1710,20241103,10.431000000000001
6,301V12307,KR4301VC3071,P 202412 307.5,3,307.5, ,2001,KOSPI200,P,202412,-0.1183,0.0069,-0.0654,0.2241,-0.0468,487,20241103,3.3603
6,301V12310,KR4301VC3105,P 202412 310.0,3,310.0, ,2001,KOSPI200,P,202412,-0.1383,0.0077,-0.0726,0.2497,-0.0548,12004,20241103,92.4308
6,301V12312,KR4301VC3121,P 202412 312.5,3,312.5, ,2001,KOSPI200,P,202412,-0.1603,0.0085,-0.0799,0.2755,-0.0636,441,20241103,3.7485000000000004
6,301V12315,KR4301VC3154,P 202412 315.0,3,315.0, ,2001,KOSPI200,P,202412,-0.1842,0.0093,-0.087,0.3011,-0.0732,4131,20241103,38.418299999999995
6,301V12317,KR4301VC3170,P 202412 317.5,3,317.5, ,2001,KOSPI200,P,202412,-0.21,0.0101,-0.0938,0.326,-0.0836,1393,20241103,14.0693
6,301V12320,KR4301VC3204,P 202412 320.0,3,320.0, ,2001,KOSPI200,P,202412,-0.2376,0.0108,-0.1002,0.3497,-0.0948,10922,20241103,117.9576
6,301V12322,KR4301VC3220,P 202412 322.5,3,322.5, ,2001,KOSPI200,P,202412,-0.2669,0.0115,-0.1061,0.3718,-0.1066,977,20241103,11.2355
6,301V12325,KR4301VC3253,P 202412 325.0,3,325.0, ,2001,KOSPI200,P,202412,-0.2976,0.0121,-0.1112,0.3918,-0.1192,4324,20241103,52.3204
6,301V12327,KR4301VC3279,P 202412 327.5,3,327.5, ,2001,KOSPI200,P,202412,-0.3296,0.0126,-0.1156,0.4094,-0.1323,541,20241103,6.8166
6,301V12330,KR4301VC3303,P 202412 330.0,3,330.0, ,2001,KOSPI200,P,202412,-0.3626,0.0131,-0.119,0.4242,-0.1458,7536,20241103,98.72160000000001
6,301V12332,KR4301VC3329,P 202412 332.5,3,332.5, ,2001,KOSPI200,P,202412,-0.3964,0.0135,-0.1215,0.436,-0.1598,1403,20241103,18.9405
6,301V12335,KR4301VC3352,P 202412 335.0,3,335.0, ,2001,KOSPI200,P,202412,-0.4308,0.0137,-0.123,0.4444,-0.1741,4573,20241103,62.6501
6,301V12337,KR4301VC3378,P 202412 337.5,3,337.5, ,2001,KOSPI200,P,202412,-0.4654,0.0139,-0.1233,0.4496,-0.1886,391,20241103,5.4349
6,301V12340,KR4301VC3402,P 202412 340.0,1,340.0, ,2001,KOSPI200,P,202412,-0.5001,0.0139,-0.1227,0.4512,-0.2031,11065,20241103,153.80349999999999
6,301V12342,KR4301VC3428,P 202412 342.5,2,342.5, ,2001,KOSPI200,P,202412,-0.5345,0.0139,-0.121,0.4496,-0.2177,321,20241103,4.4619
6,301V12345,KR4301VC3451,P 202412 345.0,2,345.0, ,2001,KOSPI200,P,202412,-0.5684,0.0137,-0.1182,0.4446,-0.2322,7982,20241103,109.35340000000001
6,301V12347,KR4301VC3477,P 202412 347.5,2,347.5, ,2001,KOSPI200,P,202412,-0.6015,0.0135,-0.1146,0.4366,-0.2465,1071,20241103,14.458499999999999
6,301V12350,KR4301VC3501,P 202412 350.0,2,350.0, ,2001,KOSPI200,P,202412,-0.6337,0.0131,-0.11,0.4257,-0.2605,14358,20241103,188.0898
6,301V12352,KR4301VC3527,P 202412 352.5,2,352.5, ,2001,KOSPI200,P,202412,-0.6648,0.0127,-0.1048,0.4122,-0.2742,67,20241103,0.8509
6,301V12355,KR4301VC3550,P 202412 355.0,2,355.0, ,2001,KOSPI200,P,202412,-0.6946,0.0122,-0.0988,0.3965,-0.2875,4039,20241103,49.275800000000004
6,301V12357,KR4301VC3576,P 202412 357.5,2,357.5, ,2001,KOSPI200,P,202412,-0.7229,0.0117,-0.0923,0.3788,-0.3003,110,20241103,1.2870000000000001
6,301V12360,KR4301VC3600,P 202412 360.0,2,360.0, ,2001,KOSPI200,P,202412,-0.7497,0.0111,-0.0854,0.3597,-0.3126,10073,20241103,111.8103
6,301V12362,KR4301VC3626,P 202412 362.5,2,362.5, ,2001,KOSPI200,P,202412,-0.7749,0.0105,-0.0781,0.3393,-0.3243,45,20241103,0.47250000000000003
6,301V12365,KR4301VC3659,P 202412 365.0,2,365.0, ,2001,KOSPI200,P,202412,-0.7984,0.0098,-0.0707,0.3182,-0.3355,2609,20241103,25.5682
6,301V12367,KR4301VC3675,P 202412 367.5,2,367.5, ,2001,KOSPI200,P,202412,-0.8203,0.0092,-0.0631,0.2965,-0.3461,2,20241103,0.0184
6,301V12370,KR4301VC3709,P 202412 370.0,2,370.0, ,2001,KOSPI200,P,202412,-0.8405,0.0085,-0.0556,0.2747,-0.3562,3012,20241103,25.602
6,301V12372,KR4301VC3725,P 202412 372.5,2,372.5, ,2001,KOSPI200,P,202412,-0.859,0.0078,-0.0481,0.253,-0.3656,0,20241103,0.0
6,301V12375,KR4301VC3758,P 202412 375.0,2,375.0, ,2001,KOSPI200,P,202412,-0.8758,0.0072,-0.0408,0.2317,-0.3745,9510,20241103,68.472
6,301V12377,KR4301VC3774,P 202412 377.5,2,377.5, ,2001,KOSPI200,P,202412,-0.8912,0.0065,-0.0337,0.2111,-0.3828,0,20241103,0.0
6,301V12380,KR4301VC3808,P 202412 380.0,2,380.0, ,2001,KOSPI200,P,202412,-0.905,0.0059,-0.0269,0.1912,-0.3906,2654,20241103,15.6586
6,301V12382,KR4301VC3824,P 202412 382.5,2,382.5, ,2001,KOSPI200,P,202412,-0.9174,0.0053,-0.0205,0.1723,-0.3979,0,20241103,0.0
6,301V12385,KR4301VC3857,P 202412 385.0,2,385.0, ,2001,KOSPI200,P,202412,-0.9285,0.0048,-0.0144,0.1544,-0.4047,1919,20241103,9.2112
6,301V12387,KR4301VC3873,P 202412 387.5,2,387.5, ,2001,KOSPI200,P,202412,-0.9383,0.0042,-0.0087,0.1377,-0.4111,0,20241103,0.0
6,301V12390,KR4301VC3907,P 202412 390.0,2,390.0, ,2001,KOSPI200,P,202412,-0.947,0.0038,-0.0034,0.1222,-0.417,1691,20241103,6.4258
6,301V12392,KR4301VC3923,P 202412 392.5,2,392.5, ,2001,KOSPI200,P,202412,-0.9547,0.0033,0.0014,0.1079,-0.4226,0,20241103,0.0
6,301V12395,KR4301VC3956,P 202412 395.0,2,395.0, ,2001,KOSPI200,P,202412,-0.9613,0.0029,0.0059,0.0948,-0.4279,425,20241103,1.2325
6,301V12397,KR4301VC3972,P 202412 397.5,2,397.5, ,2001,KOSPI200,P,202412,-0.9672,0.0026,0.01,0.0829,-0.4328,0,20241103,0.0
6,301V12400,KR4301VC4004,P 202412 400.0,2,400.0, ,2001,KOSPI200,P,202412,-0.9722,0.0022,0.0137,0.0722,-0.4374,3050,20241103,6.71
6,301V12402,KR4301VC4020,P 202412 402.5,2,402.5, ,2001,KOSPI200,P,202412,-0.9766,0.0019,0.017,0.0625,-0.4418,0,20241103,0.0
6,301V12405,KR4301VC4053,P 202412 405.0,2,405.0, ,2001,KOSPI200,P,202412,-0.9804,0.0017,0.02,0.0539,-0.446,8,20241103,0.0136
6,301V12407,KR4301VC4079,P 202412 407.5,2,407.5, ,2001,KOSPI200,P,202412,-0.9836,0.0014,0.0227,0.0463,-0.45,0,20241103,0.0
6,301V12410,KR4301VC4103,P 202412 410.0,2,410.0, ,2001,KOSPI200,P,202412,-0.9863,0.0012,0.0251,0.0396,-0.4538,20,20241103,0.023999999999999997
6,301V12412,KR4301VC4129,P 202412 412.5,2,412.5, ,2001,KOSPI200,P,202412,-0.9886,0.001,0.0272,0.0338,-0.4574,0,20241103,0.0
6,301V12415,KR4301VC4152,P 202412 415.0,2,415.0, ,2001,KOSPI200,P,202412,-0.9906,0.0009,0.0291,0.0286,-0.4609,7,20241103,0.0063
6,301V12417,KR4301VC4178,P 202412 417.5,2,417.5, ,2001,KOSPI200,P,202412,-0.9922,0.0007,0.0307,0.0242,-0.4643,0,20241103,0.0
6,301V12420,KR4301VC4202,P 202412 420.0,2,420.0, ,2001,KOSPI200,P,202412,-0.9936,0.0006,0.0322,0.0204,-0.4676,13,20241103,0.0078
6,301V12422,KR4301VC4228,P 202412 422.5,2,422.5, ,2001,KOSPI200,P,202412,-0.9948,0.0005,0.0335,0.0171,-0.4709,0,20241103,0.0
6,301V12425,KR4301VC4251,P 202412 425.0,2,425.0, ,2001,KOSPI200,P,202412,-0.9957,0.0004,0.0346,0.0142,-0.474,0,20241103,0.0
6,301V12427,KR4301VC4277,P 202412 427.5,2,427.5, ,2001,KOSPI200,P,202412,-0.9965,0.0004,0.0356,0.0119,-0.4771,0,20241103,0.0
6,301V12430,KR4301VC4301,P 202412 430.0,2,430.0, ,2001,KOSPI200,P,202412,-0.9972,0.0003,0.0365,0.0098,-0.4801,14,20241103,0.0042
6,301V12432,KR4301VC4327,P 202412 432.5,2,432.5, ,2001,KOSPI200,P,202412,-0.9977,0.0003,0.0372,0.0081,-0.4831,0,20241103,0.0
6,301V12435,KR4301VC4350,P 202412 435.0,2,435.0, ,2001,KOSPI200,P,202412,-0.9982,0.0002,0.0379,0.0067,-0.4861,0,20241103,0.0
6,301V12437,KR4301VC4376,P 202412 437.5,2,437.5, ,2001,KOSPI200,P,202412,-0.9985,0.0002,0.0385,0.0055,-0.489,0,20241103,0.0
6,301V12440,KR4301VC4400,P 202412 440.0,2,440.0, ,2001,KOSPI200,P,202412,-0.9988,0.0001,0.0391,0.0045,-0.4919,1,20241103,0.0001
6,301V12442,KR4301VC4426,P 202412 442.5,2,442.5, ,2001,KOSPI200,P,202412,-0.999,0.0001,0.0396,0.0036,-0.4948,0,20241103,0.0
6,301V12445,KR4301VC4459,P 202412 445.0,2,445.0, ,2001,KOSPI200,P,202412,-0.9992,0.0001,0.04,0.003,-0.4977,0,20241103,0.0
6,301V12447,KR4301VC4475,P 202412 447.5,2,447.5, ,2001,KOSPI200,P,202412,-0.9994,0.0001,0.0404,0.0024,-0.5005,0,20241103,0.0
6,301V12450,KR4301VC4509,P 202412 450.0,2,450.0, ,2001,KOSPI200,P,202412,-0.9995,0.0001,0.0408,0.0019,-0.5034,33,20241103,0.0033
6,301V12452,KR4301VC4525,P 202412 452.5,2,452.5, ,2001,KOSPI200,P,202412,-0.9996,0.0,0.0412,0.0016,-0.5062,0,20241103,0.0
6,301V12455,KR4301VC4558,P 202412 455.0,2,455.0, ,2001,KOSPI200,P,202412,-0.9997,0.0,0.0415,0.0012,-0.5091,0,20241103,0.0
6,301V12457,KR4301VC4574,P 202412 457.5,2,457.5, ,2001,KOSPI200,P,202412,-0.9998,0.0,0.0418,0.001,-0.5119,0,20241103,0.0
6,301V12460,KR4301VC4608,P 202412 460.0,2,460.0, ,2001,KOSPI200,P,202412,-0.9998,0.0,0.0421,0.0008,-0.5147,0,20241103,0.0
6,301V12462,KR4301VC4624,P 202412 462.5,2,462.5, ,2001,KOSPI200,P,202412,-0.9999,0.0,0.0424,0.0006,-0.5175,0,20241103,0.0
6,301V12465,KR4301VC4657,P 202412 465.0,2,465.0, ,2001,KOSPI200,P,202412,-0.9999,0.0,0.0426,0.0005,-0.5203,0,20241103,0.0
6,301V12467,KR4301VC4673,P 202412 467.5,2,467.5, ,2001,KOSPI200,P,202412,-0.9999,0.0,0.0429,0.0004,-0.5231,0,20241103,0.0
6,301V12470,KR4301VC4707,P 202412 470.0,2,470.0, ,2001,KOSPI200,P,202412,-0.9999,0.0,0.0432,0.0003,-0.5259,0,20241103,0.0
6,301V12472,KR4301VC4723,P 202412 472.5,2,472.5, ,2001,KOSPI200,P,202412,-0.9999,0.0,0.0434,0.0002,-0.5287,0,20241103,0.0
6,301V12475,KR4301VC4756,P 202412 475.0,2,475.0, ,2001,KOSPI200,P,202412,-1.0,0.0,0.0437,0.0002,-0.5315,0,20241103,0.0
6,301V12477,KR4301VC4772,P 202412 477.5,2,477.5, ,2001,KOSPI200,P,202412,-1.0,0.0,0.0439,0.0002,-0.5343,0,20241103,0.0
6,301V12480,KR4301VC4806,P 202412 480.0,2,480.0, ,2001,KOSPI200,P,202412,-1.0,0.0,0.0441,0.0001,-0.5371,0,20241103,0.0
6,301V12482,KR4301VC4822,P 202412 482.5,2,482.5, ,2001,KOSPI200,P,202412,-1.0,0.0,0.0444,0.0001,-0.5399,0,20241103,0.0
6,301V12485,KR4301VC4855,P 202412 485.0,2,485.0, ,2001,KOSPI200,P,202412,-1.0,0.0,0.0446,0.0001,-0.5427,0,20241103,0.0
6,301V12487,KR4301VC4871,P 202412 487.5,2,487.5, ,2001,KOSPI200,P,202412,-1.0,0.0,0.0449,0.0001,-0.5455,0,20241103,0.0
6,301V12490,KR4301VC4905,P 202412 490.0,2,490.0, ,2001,KOSPI200,P,202412,-1.0,0.0,0.0451,0.0,-0.5483,0,20241103,0.0
6,301V12492,KR4301VC4921,P 202412 492.5,2,492.5, ,2001,KOSPI200,P,202412,-1.0,0.0,0.0453,0.0,-0.5511,0,20241103,0.0
6,301V12495,KR4301VC4954,P 202412 495.0,2,495.0, ,2001,KOSPI200,P,202412,-1.0,0.0,0.0456,0.0,-0.5539,0,20241103,0.0
6,301V12497,KR4301VC4970,P 202412 497.5,2,497.5, ,2001,KOSPI200,P,202412,-1.0,0.0,0.0458,0.0,-0.5567,0,20241103,0.0
6,301V12500,KR4301VC5001,P 202412 500.0,2,500.0, ,2001,KOSPI200,P,202412,-1.0,0.0,0.046,0.0,-0.5595,0,20241103,0.0
6,301V12502,KR4301VC5027,P 202412 502.5,2,502.5, ,2001,KOSPI200,P,202412,-1.0,0.0,0.0463,0.0,-0.5623,0,20241103,0.0
6,301V12505,KR4301VC5050,P 202412 505.0,2,505.0, ,2001,KOSPI200,P,202412,-1.0,0.0,0.0465,0.0,-0.5651,0,20241103,0.0
6,301V12507,KR4301VC5076,P 202412 507.5,2,507.5, ,2001,KOSPI200,P,202412,-1.0,0.0,0.0467,0.0,-0.5679,0,20241103,0.0
6,301V12510,KR4301VC5100,P 202412 510.0,2,510.0, ,2001,KOSPI200,P,202412,-1.0,0.0,0.0469,0.0,-0.5707,0,20241103,0.0
6,301V12512,KR4301VC5126,P 202412 512.5,2,512.5, ,2001,KOSPI200,P,202412,-1.0,0.0,0.0472,0.0,-0.5735,0,20241103,0.0
6,301V12515,KR4301VC5159,P 202412 515.0,2,515.0, ,2001,KOSPI200,P,202412,-1.0,0.0,0.0474,0.0,-0.5763,0,20241103,0.0
6,301V12517,KR4301VC5175,P 202412 517.5,2,517.5, ,2001,KOSPI200,P,202412,-1.0,0.0,0.0476,0.0,-0.5791,0,20241103,0.0
6,301V12520,KR4301VC5209,P 202412 520.0,2,520.0, ,2001,KOSPI200,P,202412,-1.0,0.0,0.0479,0.0,-0.5819,445,20241103,0.0
6,301W01210,KR4301W12106,P 202501 210.0,3,210.0, ,2001,KOSPI200,P,202501,-0.0,0.0,-0.0,0.0,-0.0,1011,20241103,0.0
6,301W01212,KR4301W12122,P 202501 212.5,3,212.5, ,2001,KOSPI200,P,202501,-0.0,0.0,-0.0,0.0001,-0.0,127,20241103,0.0
6,301W01215,KR4301W12155,P 202501 215.0,3,215.0, ,2001,KOSPI200,P,202501,-0.0,0.0,-0.0,0.0001,-0.0,131,20241103,0.0
6,301W01217,KR4301W12171,P 202501 217.5,3,217.5, ,2001,KOSPI200,P,202501,-0.0,0.0,-0.0,0.0002,-0.0,79,20241103,0.0
6,301W01220,KR4301W12205,P 202501 220.0,3,220.0, ,2001,KOSPI200,P,202501,-0.0,0.0,-0.0,0.0003,-0.0,142,20241103,0.0
6,301W01222,KR4301W12221,P 202501 222.5,3,222.5, ,2001,KOSPI200,P,202501,-0.0001,0.0,-0.0001,0.0004,-0.0,27,20241103,0.0
6,301W01225,KR4301W12254,P 202501 225.0,3,225.0, ,2001,KOSPI200,P,202501,-0.0001,0.0,-0.0001,0.0005,-0.0001,31,20241103,0.0
6,301W01227,KR4301W12270,P 202501 227.5,3,227.5, ,2001,KOSPI200,P,202501,-0.0001,0.0,-0.0001,0.0008,-0.0001,2,20241103,0.0
6,301W01230,KR4301W12304,P 202501 230.0,3,230.0, ,2001,KOSPI200,P,202501,-0.0002,0.0,-0.0002,0.0011,-0.0001,9,20241103,0.0
6,301W01232,KR4301W12320,P 202501 232.5,3,232.5, ,2001,KOSPI200,P,202501,-0.0003,0.0,-0.0003,0.0016,-0.0002,0,20241103,0.0
6,301W01235,KR4301W12353,P 202501 235.0,3,235.0, ,2001,KOSPI200,P,202501,-0.0004,0.0,-0.0004,0.0022,-0.0003,15,20241103,0.0
6,301W01237,KR4301W12379,P 202501 237.5,3,237.5, ,2001,KOSPI200,P,202501,-0.0006,0.0001,-0.0005,0.003,-0.0004,45,20241103,0.0045000000000000005
6,301W01240,KR4301W12403,P 202501 240.0,3,240.0, ,2001,KOSPI200,P,202501,-0.0008,0.0001,-0.0007,0.0041,-0.0005,31,20241103,0.0031000000000000003
6,301W01242,KR4301W12429,P 202501 242.5,3,242.5, ,2001,KOSPI200,P,202501,-0.0011,0.0001,-0.001,0.0055,-0.0007,2,20241103,0.0002
6,301W01245,KR4301W12452,P 202501 245.0,3,245.0, ,2001,KOSPI200,P,202501,-0.0015,0.0001,-0.0013,0.0073,-0.001,22,20241103,0.0022
6,301W01247,KR4301W12478,P 202501 247.5,3,247.5, ,2001,KOSPI200,P,202501,-0.0021,0.0002,-0.0017,0.0095,-0.0014,5,20241103,0.001
6,301W01250,KR4301W12502,P 202501 250.0,3,250.0, ,2001,KOSPI200,P,202501,-0.0028,0.0002,-0.0022,0.0123,-0.0018,14,20241103,0.0028
6,301W01252,KR4301W12528,P 202501 252.5,3,252.5, ,2001,KOSPI200,P,202501,-0.0036,0.0003,-0.0028,0.0158,-0.0024,2,20241103,0.0006
6,301W01255,KR4301W12551,P 202501 255.0,3,255.0, ,2001,KOSPI200,P,202501,-0.0047,0.0004,-0.0035,0.02,-0.0031,13,20241103,0.005200000000000001
6,301W01257,KR4301W12577,P 202501 257.5,3,257.5, ,2001,KOSPI200,P,202501,-0.0061,0.0005,-0.0044,0.0251,-0.004,4,20241103,0.002
6,301W01260,KR4301W12601,P 202501 260.0,3,260.0, ,2001,KOSPI200,P,202501,-0.0078,0.0006,-0.0055,0.0311,-0.0051,157,20241103,0.09419999999999999
6,301W01262,KR4301W12627,P 202501 262.5,3,262.5, ,2001,KOSPI200,P,202501,-0.0098,0.0007,-0.0067,0.0382,-0.0065,6,20241103,0.0042
6,301W01265,KR4301W12650,P 202501 265.0,3,265.0, ,2001,KOSPI200,P,202501,-0.0123,0.0009,-0.0082,0.0466,-0.0081,15,20241103,0.0135
6,301W01267,KR4301W12676,P 202501 267.5,3,267.5, ,2001,KOSPI200,P,202501,-0.0153,0.001,-0.0098,0.0562,-0.0101,7,20241103,0.007
6,301W01270,KR4301W12700,P 202501 270.0,3,270.0, ,2001,KOSPI200,P,202501,-0.0189,0.0012,-0.0117,0.0672,-0.0125,31,20241103,0.0372
6,301W01272,KR4301W12726,P 202501 272.5,3,272.5, ,2001,KOSPI200,P,202501,-0.0231,0.0015,-0.0139,0.0797,-0.0153,3,20241103,0.0045000000000000005
6,301W01275,KR4301W12759,P 202501 275.0,3,275.0, ,2001,KOSPI200,P,202501,-0.028,0.0017,-0.0163,0.0937,-0.0185,61,20241103,0.1037
6,301W01277,KR4301W12775,P 202501 277.5,3,277.5, ,2001,KOSPI200,P,202501,-0.0337,0.002,-0.019,0.1093,-0.0223,5,20241103,0.01
6,301W01280,KR4301W12809,P 202501 280.0,3,280.0, ,2001,KOSPI200,P,202501,-0.0403,0.0023,-0.0219,0.1264,-0.0267,352,20241103,0.8096
6,301W01282,KR4301W12825,P 202501 282.5,3,282.5, ,2001,KOSPI200,P,202501,-0.0478,0.0027,-0.0251,0.1451,-0.0318,31,20241103,0.08370000000000001
6,301W01285,KR4301W12858,P 202501 285.0,3,285.0, ,2001,KOSPI200,P,202501,-0.0563,0.0031,-0.0285,0.1652,-0.0375,58,20241103,0.1798
6,301W01287,KR4301W12874,P 202501 287.5,3,287.5, ,2001,KOSPI200,P,202501,-0.0659,0.0035,-0.0321,0.1868,-0.0439,12,20241103,0.042
6,301W01290,KR4301W12908,P 202501 290.0,3,290.0, ,2001,KOSPI200,P,202501,-0.0766,0.0039,-0.036,0.2096,-0.0511,302,20241103,1.1778
6,301W01292,KR4301W12924,P 202501 292.5,3,292.5, ,2001,KOSPI200,P,202501,-0.0884,0.0043,-0.04,0.2336,-0.059,9,20241103,0.0387
6,301W01295,KR4301W12957,P 202501 295.0,3,295.0, ,2001,KOSPI200,P,202501,-0.1015,0.0048,-0.0441,0.2586,-0.0678,69,20241103,0.3312
6,301W01297,KR4301W12973,P 202501 297.5,3,297.5, ,2001,KOSPI200,P,202501,-0.1158,0.0053,-0.0484,0.2842,-0.0775,16,20241103,0.0848
6,301W01300,KR4301W13005,P 202501 300.0,3,300.0, ,2001,KOSPI200,P,202501,-0.1313,0.0058,-0.0527,0.3104,-0.088,348,20241103,2.0183999999999997
6,301W01302,KR4301W13021,P 202501 302.5,3,302.5, ,2001,KOSPI200,P,202501,-0.148,0.0063,-0.0569,0.3368,-0.0994,1754,20241103,11.0502
6,301W01305,KR4301W13054,P 202501 305.0,3,305.0, ,2001,KOSPI200,P,202501,-0.1659,0.0067,-0.0612,0.3631,-0.1116,279,20241103,1.8693
6,301W01307,KR4301W13070,P 202501 307.5,3,307.5, ,2001,KOSPI200,P,202501,-0.1851,0.0072,-0.0653,0.3891,-0.1247,79,20241103,0.5688
6,301W01310,KR4301W13104,P 202501 310.0,3,310.0, ,2001,KOSPI200,P,202501,-0.2053,0.0077,-0.0693,0.4145,-0.1386,208,20241103,1.6016000000000001
6,301W01312,KR4301W13120,P 202501 312.5,3,312.5, ,2001,KOSPI200,P,202501,-0.2267,0.0082,-0.0731,0.439,-0.1533,180,20241103,1.4760000000000002
6,301W01315,KR4301W13153,P 202501 315.0,3,315.0, ,2001,KOSPI200,P,202501,-0.2491,0.0086,-0.0766,0.4622,-0.1688,84,20241103,0.7224
6,301W01317,KR4301W13179,P 202501 317.5,3,317.5, ,2001,KOSPI200,P,202501,-0.2724,0.009,-0.0798,0.484,-0.185,113,20241103,1.017
6,301W01320,KR4301W13203,P 202501 320.0,3,320.0, ,2001,KOSPI200,P,202501,-0.2965,0.0094,-0.0827,0.5041,-0.2018,389,20241103,3.6566
6,301W01322,KR4301W13229,P 202501 322.5,3,322.5, ,2001,KOSPI200,P,202501,-0.3214,0.0097,-0.0851,0.5221,-0.2192,2,20241103,0.0194
6,301W01325,KR4301W13252,P 202501 325.0,3,325.0, ,2001,KOSPI200,P,202501,-0.3469,0.01,-0.0872,0.5381,-0.2371,76,20241103,0.76
6,301W01327,KR4301W13278,P 202501 327.5,3,327.5, ,2001,KOSPI200,P,202501,-0.373,0.0103,-0.0888,0.5517,-0.2555,7,20241103,0.0721
6,301W01330,KR4301W13302,P 202501 330.0,3,330.0, ,2001,KOSPI200,P,202501,-0.3994,0.0105,-0.0899,0.5628,-0.2742,231,20241103,2.4255
6,301W01332,KR4301W13328,P 202501 332.5,3,332.5, ,2001,KOSPI200,P,202501,-0.426,0.0106,-0.0905,0.5714,-0.2933,411,20241103,4.3566
6,301W01335,KR4301W13351,P 202501 335.0,3,335.0, ,2001,KOSPI200,P,202501,-0.4529,0.0107,-0.0907,0.5774,-0.3125,27,20241103,0.2889
6,301W01337,KR4301W13377,P 202501 337.5,3,337.5, ,2001,KOSPI200,P,202501,-0.4797,0.0108,-0.0904,0.5807,-0.3319,0,20241103,0.0
6,301W01340,KR4301W13401,P 202501 340.0,1,340.0, ,2001,KOSPI200,P,202501,-0.5064,0.0108,-0.0895,0.5814,-0.3514,713,20241103,7.7004
6,301W01342,KR4301W13427,P 202501 342.5,2,342.5, ,2001,KOSPI200,P,202501,-0.5329,0.0108,-0.0882,0.5794,-0.3708,1,20241103,0.0108
6,301W01345,KR4301W13450,P 202501 345.0,2,345.0, ,2001,KOSPI200,P,202501,-0.5591,0.0107,-0.0865,0.575,-0.3902,545,20241103,5.8315
6,301W01347,KR4301W13476,P 202501 347.5,2,347.5, ,2001,KOSPI200,P,202501,-0.5848,0.0106,-0.0843,0.5682,-0.4094,0,20241103,0.0
6,301W01350,KR4301W13500,P 202501 350.0,2,350.0, ,2001,KOSPI200,P,202501,-0.61,0.0104,-0.0817,0.5592,-0.4283,1027,20241103,10.6808
6,301W01352,KR4301W13526,P 202501 352.5,2,352.5, ,2001,KOSPI200,P,202501,-0.6346,0.0102,-0.0787,0.548,-0.447,0,20241103,0.0
6,301W01355,KR4301W13559,P 202501 355.0,2,355.0, ,2001,KOSPI200,P,202501,-0.6584,0.0099,-0.0754,0.535,-0.4654,1,20241103,0.0099
6,301W01357,KR4301W13575,P 202501 357.5,2,357.5, ,2001,KOSPI200,P,202501,-0.6815,0.0097,-0.0718,0.5202,-0.4833,0,20241103,0.0
6,301W01360,KR4301W13609,P 202501 360.0,2,360.0, ,2001,KOSPI200,P,202501,-0.7037,0.0094,-0.068,0.5039,-0.5008,2,20241103,0.0188
6,301W01362,KR4301W13625,P 202501 362.5,2,362.5, ,2001,KOSPI200,P,202501,-0.7251,0.009,-0.0639,0.4862,-0.5179,0,20241103,0.0
6,301W01365,KR4301W13658,P 202501 365.0,2,365.0, ,2001,KOSPI200,P,202501,-0.7455,0.0087,-0.0597,0.4675,-0.5344,2,20241103,0.0174
6,301W01367,KR4301W13674,P 202501 367.5,2,367.5, ,2001,KOSPI200,P,202501,-0.765,0.0083,-0.0553,0.4479,-0.5505,0,20241103,0.0
6,301W01370,KR4301W13708,P 202501 370.0,2,370.0, ,2001,KOSPI200,P,202501,-0.7835,0.0079,-0.0508,0.4276,-0.566,6,20241103,0.047400000000000005
6,301W01372,KR4301W13724,P 202501 372.5,2,372.5, ,2001,KOSPI200,P,202501,-0.801,0.0076,-0.0463,0.4068,-0.5809,0,20241103,0.0
6,301W01375,KR4301W13757,P 202501 375.0,2,375.0, ,2001,KOSPI200,P,202501,-0.8175,0.0072,-0.0417,0.3858,-0.5953,0,20241103,0.0
6,301W01377,KR4301W13773,P 202501 377.5,2,377.5, ,2001,KOSPI200,P,202501,-0.833,0.0068,-0.0371,0.3646,-0.6092,0,20241103,0.0
6,301W01380,KR4301W13807,P 202501 380.0,2,380.0, ,2001,KOSPI200,P,202501,-0.8476,0.0064,-0.0326,0.3435,-0.6225,1,20241103,0.0064
6,301W01382,KR4301W13823,P 202501 382.5,2,382.5, ,2001,KOSPI200,P,202501,-0.8612,0.006,-0.0281,0.3225,-0.6352,0,20241103,0.0
6,301W01385,KR4301W13856,P 202501 385.0,2,385.0, ,2001,KOSPI200,P,202501,-0.8739,0.0056,-0.0238,0.3019,-0.6474,0,20241103,0.0
6,301W01387,KR4301W13872,P 202501 387.5,2,387.5, ,2001,KOSPI200,P,202501,-0.8856,0.0052,-0.0195,0.2818,-0.6591,0,20241103,0.0
6,301W01390,KR4301W13906,P 202501 390.0,2,390.0, ,2001,KOSPI200,P,202501,-0.8965,0.0049,-0.0154,0.2622,-0.6703,17,20241103,0.0833
6,301W01392,KR4301W13922,P 202501 392.5,2,392.5, ,2001,KOSPI200,P,202501,-0.9066,0.0045,-0.0114,0.2433,-0.681,0,20241103,0.0
6,301W01395,KR4301W13955,P 202501 395.0,2,395.0, ,2001,KOSPI200,P,202501,-0.9158,0.0042,-0.0075,0.2251,-0.6912,1,20241103,0.0042
6,301W01397,KR4301W13971,P 202501 397.5,2,397.5, ,2001,KOSPI200,P,202501,-0.9243,0.0039,-0.0039,0.2077,-0.701,0,20241103,0.0
6,301W01400,KR4301W14003,P 202501 400.0,2,400.0, ,2001,KOSPI200,P,202501,-0.9321,0.0036,-0.0003,0.1911,-0.7104,4,20241103,0.0144
6,301W01402,KR4301W14029,P 202501 402.5,2,402.5, ,2001,KOSPI200,P,202501,-0.9392,0.0033,0.003,0.1753,-0.7193,0,20241103,0.0
6,301W01405,KR4301W14052,P 202501 405.0,2,405.0, ,2001,KOSPI200,P,202501,-0.9457,0.003,0.0061,0.1604,-0.7279,0,20241103,0.0
6,301W01407,KR4301W14078,P 202501 407.5,2,407.5, ,2001,KOSPI200,P,202501,-0.9516,0.0027,0.0091,0.1465,-0.7361,0,20241103,0.0
6,301W01410,KR4301W14102,P 202501 410.0,2,410.0, ,2001,KOSPI200,P,202501,-0.9569,0.0025,0.0119,0.1333,-0.744,0,20241103,0.0
6,301W01412,KR4301W14128,P 202501 412.5,2,412.5, ,2001,KOSPI200,P,202501,-0.9617,0.0023,0.0145,0.1211,-0.7516,0,20241103,0.0
6,301W01415,KR4301W14151,P 202501 415.0,2,415.0, ,2001,KOSPI200,P,202501,-0.9661,0.002,0.017,0.1097,-0.7589,0,20241103,0.0
6,301W01417,KR4301W14177,P 202501 417.5,2,417.5, ,2001,KOSPI200,P,202501,-0.97,0.0018,0.0192,0.0992,-0.766,0,20241103,0.0
6,301W01420,KR4301W14201,P 202501 420.0,2,420.0, ,2001,KOSPI200,P,202501,-0.9735,0.0017,0.0214,0.0894,-0.7728,0,20241103,0.0
6,301W01422,KR4301W14227,P 202501 422.5,2,422.5, ,2001,KOSPI200,P,202501,-0.9766,0.0015,0.0233,0.0805,-0.7794,0,20241103,0.0
6,301W01425,KR4301W14250,P 202501 425.0,2,425.0, ,2001,KOSPI200,P,202501,-0.9794,0.0013,0.0252,0.0722,-0.7858,0,20241103,0.0
6,301W01427,KR4301W14276,P 202501 427.5,2,427.5, ,2001,KOSPI200,P,202501,-0.9819,0.0012,0.0268,0.0647,-0.792,0,20241103,0.0
6,301W01430,KR4301W14300,P 202501 430.0,2,430.0, ,2001,KOSPI200,P,202501,-0.9842,0.0011,0.0284,0.0578,-0.7981,0,20241103,0.0
6,301W01432,KR4301W14326,P 202501 432.5,2,432.5, ,2001,KOSPI200,P,202501,-0.9861,0.001,0.0298,0.0516,-0.804,0,20241103,0.0
6,301W01435,KR4301W14359,P 202501 435.0,2,435.0, ,2001,KOSPI200,P,202501,-0.9879,0.0009,0.0312,0.0459,-0.8097,0,20241103,0.0
6,301W01437,KR4301W14375,P 202501 437.5,2,437.5, ,2001,KOSPI200,P,202501,-0.9894,0.0008,0.0324,0.0408,-0.8153,0,20241103,0.0
6,301W01440,KR4301W14409,P 202501 440.0,2,440.0, ,2001,KOSPI200,P,202501,-0.9908,0.0007,0.0335,0.0361,-0.8209,0,20241103,0.0
6,301W01442,KR4301W14425,P 202501 442.5,2,442.5, ,2001,KOSPI200,P,202501,-0.992,0.0006,0.0345,0.032,-0.8263,0,20241103,0.0
6,301W01445,KR4301W14458,P 202501 445.0,2,445.0, ,2001,KOSPI200,P,202501,-0.9931,0.0005,0.0355,0.0282,-0.8316,0,20241103,0.0
6,301W01447,KR4301W14474,P 202501 447.5,2,447.5, ,2001,KOSPI200,P,202501,-0.994,0.0005,0.0363,0.0249,-0.8369,0,20241103,0.0
6,301W01450,KR4301W14508,P 202501 450.0,2,450.0, ,2001,KOSPI200,P,202501,-0.9948,0.0004,0.0371,0.0219,-0.8421,0,20241103,0.0
6,301W01452,KR4301W14524,P 202501 452.5,2,452.5, ,2001,KOSPI200,P,202501,-0.9955,0.0004,0.0379,0.0192,-0.8472,0,20241103,0.0
6,301W01455,KR4301W14557,P 202501 455.0,2,455.0, ,2001,KOSPI200,P,202501,-0.9961,0.0003,0.0386,0.0168,-0.8523,0,20241103,0.0
6,301W01457,KR4301W14573,P 202501 457.5,2,457.5, ,2001,KOSPI200,P,202501,-0.9967,0.0003,0.0392,0.0147,-0.8573,0,20241103,0.0
6,301W01460,KR4301W14607,P 202501 460.0,2,460.0, ,2001,KOSPI200,P,202501,-0.9971,0.0002,0.0398,0.0129,-0.8623,0,20241103,0.0
6,301W01462,KR4301W14623,P 202501 462.5,2,462.5, ,2001,KOSPI200,P,202501,-0.9975,0.0002,0.0403,0.0112,-0.8672,0,20241103,0.0
6,301W01465,KR4301W14656,P 202501 465.0,2,465.0, ,2001,KOSPI200,P,202501,-0.9979,0.0002,0.0408,0.0098,-0.8722,0,20241103,0.0
6,301W01467,KR4301W14672,P 202501 467.5,2,467.5, ,2001,KOSPI200,P,202501,-0.9982,0.0002,0.0413,0.0085,-0.877,0,20241103,0.0
6,301W01470,KR4301W14706,P 202501 470.0,2,470.0, ,2001,KOSPI200,P,202501,-0.9984,0.0001,0.0418,0.0074,-0.8819,0,20241103,0.0
6,301W01472,KR4301W14722,P 202501 472.5,2,472.5, ,2001,KOSPI200,P,202501,-0.9987,0.0001,0.0422,0.0064,-0.8867,0,20241103,0.0
6,301W01475,KR4301W14755,P 202501 475.0,2,475.0, ,2001,KOSPI200,P,202501,-0.9989,0.0001,0.0426,0.0055,-0.8915,0,20241103,0.0
6,301W01477,KR4301W14771,P 202501 477.5,2,477.5, ,2001,KOSPI200,P,202501,-0.999,0.0001,0.0429,0.0048,-0.8963,0,20241103,0.0
6,301W01480,KR4301W14805,P 202501 480.0,2,480.0, ,2001,KOSPI200,P,202501,-0.9992,0.0001,0.0433,0.0041,-0.9011,0,20241103,0.0
6,301W01482,KR4301W14821,P 202501 482.5,2,482.5, ,2001,KOSPI200,P,202501,-0.9993,0.0001,0.0436,0.0035,-0.9059,0,20241103,0.0
6,301W01485,KR4301W14854,P 202501 485.0,2,485.0, ,2001,KOSPI200,P,202501,-0.9994,0.0001,0.044,0.003,-0.9107,1,20241103,0.0001
6,301W01487,KR4301W14870,P 202501 487.5,2,487.5, ,2001,KOSPI200,P,202501,-0.9995,0.0,0.0443,0.0026,-0.9154,0,20241103,0.0
6,301W01490,KR4301W14904,P 202501 490.0,2,490.0, ,2001,KOSPI200,P,202501,-0.9996,0.0,0.0446,0.0022,-0.9202,0,20241103,0.0
6,301W01492,KR4301W14920,P 202501 492.5,2,492.5, ,2001,KOSPI200,P,202501,-0.9996,0.0,0.0449,0.0019,-0.9249,0,20241103,0.0
6,301W01495,KR4301W14953,P 202501 495.0,2,495.0, ,2001,KOSPI200,P,202501,-0.9997,0.0,0.0451,0.0016,-0.9296,0,20241103,0.0
6,301W01497,KR4301W14979,P 202501 497.5,2,497.5, ,2001,KOSPI200,P,202501,-0.9997,0.0,0.0454,0.0014,-0.9343,0,20241103,0.0
6,301W01500,KR4301W15000,P 202501 500.0,2,500.0, ,2001,KOSPI200,P,202501,-0.9998,0.0,0.0457,0.0012,-0.9391,0,20241103,0.0
6,301W01502,KR4301W15026,P 202501 502.5,2,502.5, ,2001,KOSPI200,P,202501,-0.9998,0.0,0.0459,0.001,-0.9438,0,20241103,0.0
6,301W01505,KR4301W15059,P 202501 505.0,2,505.0, ,2001,KOSPI200,P,202501,-0.9998,0.0,0.0462,0.0009,-0.9485,0,20241103,0.0
6,301W01507,KR4301W15075,P 202501 507.5,2,507.5, ,2001,KOSPI200,P,202501,-0.9999,0.0,0.0465,0.0007,-0.9532,0,20241103,0.0
6,301W01510,KR4301W15109,P 202501 510.0,2,510.0, ,2001,KOSPI200,P,202501,-0.9999,0.0,0.0467,0.0006,-0.9579,0,20241103,0.0
6,301W01512,KR4301W15125,P 202501 512.5,2,512.5, ,2001,KOSPI200,P,202501,-0.9999,0.0,0.047,0.0005,-0.9626,0,20241103,0.0
6,301W01515,KR4301W15158,P 202501 515.0,2,515.0, ,2001,KOSPI200,P,202501,-0.9999,0.0,0.0472,0.0004,-0.9673,0,20241103,0.0
6,301W01517,KR4301W15174,P 202501 517.5,2,517.5, ,2001,KOSPI200,P,202501,-0.9999,0.0,0.0474,0.0004,-0.972,0,20241103,0.0
6,301W01520,KR4301W15208,P 202501 520.0,2,520.0, ,2001,KOSPI200,P,202501,-0.9999,0.0,0.0477,0.0003,-0.9767,0,20241103,0.0
6,301W02215,KR4301W22154,P 202502 215.0,3,215.0, ,2001,KOSPI200,P,202502,-0.0003,0.0,-0.0002,0.002,-0.0003,136,20241103,0.0
6,301W02220,KR4301W22204,P 202502 220.0,3,220.0, ,2001,KOSPI200,P,202502,-0.0006,0.0,-0.0004,0.0036,-0.0006,14,20241103,0.0
6,301W02225,KR4301W22253,P 202502 225.0,3,225.0, ,2001,KOSPI200,P,202502,-0.001,0.0001,-0.0007,0.0061,-0.001,6,20241103,0.0006000000000000001
6,301W02230,KR4301W22303,P 202502 230.0,3,230.0, ,2001,KOSPI200,P,202502,-0.0017,0.0001,-0.0012,0.0099,-0.0017,18,20241103,0.0018000000000000002
6,301W02235,KR4301W22352,P 202502 235.0,3,235.0, ,2001,KOSPI200,P,202502,-0.0028,0.0002,-0.0018,0.0156,-0.0028,2,20241103,0.0004
6,301W02240,KR4301W22402,P 202502 240.0,3,240.0, ,2001,KOSPI200,P,202502,-0.0045,0.0003,-0.0027,0.0237,-0.0045,4,20241103,0.0012
6,301W02245,KR4301W22451,P 202502 245.0,3,245.0, ,2001,KOSPI200,P,202502,-0.007,0.0004,-0.004,0.0349,-0.007,18,20241103,0.007200000000000001
6,301W02250,KR4301W22501,P 202502 250.0,3,250.0, ,2001,KOSPI200,P,202502,-0.0105,0.0006,-0.0057,0.0498,-0.0105,12,20241103,0.0072
6,301W02255,KR4301W22550,P 202502 255.0,3,255.0, ,2001,KOSPI200,P,202502,-0.0153,0.0009,-0.0079,0.069,-0.0154,9,20241103,0.0081
6,301W02260,KR4301W22600,P 202502 260.0,3,260.0, ,2001,KOSPI200,P,202502,-0.0218,0.0011,-0.0106,0.0932,-0.0219,8,20241103,0.0088
6,301W02265,KR4301W22659,P 202502 265.0,3,265.0, ,2001,KOSPI200,P,202502,-0.0303,0.0015,-0.0139,0.1226,-0.0305,26,20241103,0.039
6,301W02270,KR4301W22709,P 202502 270.0,3,270.0, ,2001,KOSPI200,P,202502,-0.0411,0.0019,-0.0178,0.1575,-0.0415,63,20241103,0.1197
6,301W02275,KR4301W22758,P 202502 275.0,3,275.0, ,2001,KOSPI200,P,202502,-0.0545,0.0024,-0.0223,0.1975,-0.0552,24,20241103,0.0576
6,301W02280,KR4301W22808,P 202502 280.0,3,280.0, ,2001,KOSPI200,P,202502,-0.0708,0.003,-0.0272,0.2424,-0.0719,53,20241103,0.159
6,301W02285,KR4301W22857,P 202502 285.0,3,285.0, ,2001,KOSPI200,P,202502,-0.0903,0.0036,-0.0325,0.2914,-0.092,7,20241103,0.0252
6,301W02290,KR4301W22907,P 202502 290.0,3,290.0, ,2001,KOSPI200,P,202502,-0.1131,0.0042,-0.0381,0.3433,-0.1156,55,20241103,0.23099999999999998
6,301W02295,KR4301W22956,P 202502 295.0,3,295.0, ,2001,KOSPI200,P,202502,-0.1393,0.0049,-0.0437,0.3968,-0.1427,24,20241103,0.1176
6,301W02300,KR4301W23004,P 202502 300.0,3,300.0, ,2001,KOSPI200,P,202502,-0.1687,0.0056,-0.0492,0.4506,-0.1735,30,20241103,0.168
6,301W02305,KR4301W23053,P 202502 305.0,3,305.0, ,2001,KOSPI200,P,202502,-0.2013,0.0062,-0.0545,0.5028,-0.2078,2,20241103,0.0124
6,301W02310,KR4301W23103,P 202502 310.0,3,310.0, ,2001,KOSPI200,P,202502,-0.2367,0.0068,-0.0593,0.5521,-0.2453,3,20241103,0.020399999999999998
6,301W02315,KR4301W23152,P 202502 315.0,3,315.0, ,2001,KOSPI200,P,202502,-0.2748,0.0074,-0.0634,0.5968,-0.2859,224,20241103,1.6576
6,301W02320,KR4301W23202,P 202502 320.0,3,320.0, ,2001,KOSPI200,P,202502,-0.3149,0.0078,-0.0667,0.6355,-0.3291,523,20241103,4.0794
6,301W02325,KR4301W23251,P 202502 325.0,3,325.0, ,2001,KOSPI200,P,202502,-0.3567,0.0082,-0.0691,0.6673,-0.3744,1,20241103,0.0082
6,301W02330,KR4301W23301,P 202502 330.0,3,330.0, ,2001,KOSPI200,P,202502,-0.3996,0.0085,-0.0705,0.6911,-0.4215,3,20241103,0.025500000000000002
6,301W02335,KR4301W23350,P 202502 335.0,3,335.0, ,2001,KOSPI200,P,202502,-0.4431,0.0087,-0.0708,0.7065,-0.4697,5,20241103,0.0435
6,301W02340,KR4301W23400,P 202502 340.0,1,340.0, ,2001,KOSPI200,P,202502,-0.4866,0.0088,-0.0701,0.7134,-0.5186,7,20241103,0.0616
6,301W02345,KR4301W23459,P 202502 345.0,2,345.0, ,2001,KOSPI200,P,202502,-0.5297,0.0088,-0.0683,0.7118,-0.5676,13,20241103,0.1144
6,301W02350,KR4301W23509,P 202502 350.0,2,350.0, ,2001,KOSPI200,P,202502,-0.5718,0.0087,-0.0655,0.7022,-0.6164,3,20241103,0.026099999999999998
6,301W02355,KR4301W23558,P 202502 355.0,2,355.0, ,2001,KOSPI200,P,202502,-0.6125,0.0085,-0.0619,0.6853,-0.6643,0,20241103,0.0
6,301W02360,KR4301W23608,P 202502 360.0,2,360.0, ,2001,KOSPI200,P,202502,-0.6514,0.0082,-0.0575,0.6617,-0.7112,1,20241103,0.0082
6,301W02365,KR4301W23657,P 202502 365.0,2,365.0, ,2001,KOSPI200,P,202502,-0.6884,0.0078,-0.0525,0.6327,-0.7566,0,20241103,0.0
6,301W02370,KR4301W23707,P 202502 370.0,2,370.0, ,2001,KOSPI200,P,202502,-0.723,0.0074,-0.047,0.5991,-0.8003,0,20241103,0.0
6,301W02375,KR4301W23756,P 202502 375.0,2,375.0, ,2001,KOSPI200,P,202502,-0.7553,0.0069,-0.0411,0.5622,-0.8421,0,20241103,0.0
6,301W02380,KR4301W23806,P 202502 380.0,2,380.0, ,2001,KOSPI200,P,202502,-0.785,0.0064,-0.0351,0.5228,-0.8819,0,20241103,0.0
6,301W02385,KR4301W23855,P 202502 385.0,2,385.0, ,2001,KOSPI200,P,202502,-0.8121,0.0059,-0.0289,0.4822,-0.9196,0,20241103,0.0
6,301W02390,KR4301W23905,P 202502 390.0,2,390.0, ,2001,KOSPI200,P,202502,-0.8368,0.0054,-0.0227,0.4411,-0.9552,0,20241103,0.0
6,301W02395,KR4301W23954,P 202502 395.0,2,395.0, ,2001,KOSPI200,P,202502,-0.8589,0.0049,-0.0167,0.4003,-0.9887,0,20241103,0.0
6,301W02400,KR4301W24002,P 202502 400.0,2,400.0, ,2001,KOSPI200,P,202502,-0.8787,0.0044,-0.0108,0.3607,-1.0203,0,20241103,0.0
6,301W02405,KR4301W24051,P 202502 405.0,2,405.0, ,2001,KOSPI200,P,202502,-0.8962,0.004,-0.0052,0.3226,-1.0499,0,20241103,0.0
6,301W02410,KR4301W24101,P 202502 410.0,2,410.0, ,2001,KOSPI200,P,202502,-0.9117,0.0035,0.0001,0.2865,-1.0777,0,20241103,0.0
6,301W02415,KR4301W24150,P 202502 415.0,2,415.0, ,2001,KOSPI200,P,202502,-0.9252,0.0031,0.005,0.2528,-1.1038,0,20241103,0.0
6,301W02420,KR4301W24200,P 202502 420.0,2,420.0, ,2001,KOSPI200,P,202502,-0.9369,0.0027,0.0096,0.2217,-1.1284,0,20241103,0.0
6,301W02425,KR4301W24259,P 202502 425.0,2,425.0, ,2001,KOSPI200,P,202502,-0.9471,0.0024,0.0138,0.1931,-1.1516,0,20241103,0.0
6,301W02430,KR4301W24309,P 202502 430.0,2,430.0, ,2001,KOSPI200,P,202502,-0.9558,0.0021,0.0177,0.1673,-1.1735,0,20241103,0.0
6,301W02435,KR4301W24358,P 202502 435.0,2,435.0, ,2001,KOSPI200,P,202502,-0.9632,0.0018,0.0212,0.1441,-1.1942,0,20241103,0.0
6,301W02440,KR4301W24408,P 202502 440.0,2,440.0, ,2001,KOSPI200,P,202502,-0.9695,0.0015,0.0243,0.1234,-1.214,0,20241103,0.0
6,301W02445,KR4301W24457,P 202502 445.0,2,445.0, ,2001,KOSPI200,P,202502,-0.9748,0.0013,0.0272,0.1052,-1.233,0,20241103,0.0
6,301W02450,KR4301W24507,P 202502 450.0,2,450.0, ,2001,KOSPI200,P,202502,-0.9793,0.0011,0.0297,0.0892,-1.2511,0,20241103,0.0
6,301W02455,KR4301W24556,P 202502 455.0,2,455.0, ,2001,KOSPI200,P,202502,-0.9831,0.0009,0.032,0.0752,-1.2686,0,20241103,0.0
6,301W02460,KR4301W24606,P 202502 460.0,2,460.0, ,2001,KOSPI200,P,202502,-0.9862,0.0008,0.034,0.0632,-1.2855,0,20241103,0.0
6,301W02465,KR4301W24655,P 202502 465.0,2,465.0, ,2001,KOSPI200,P,202502,-0.9888,0.0007,0.0358,0.0528,-1.302,0,20241103,0.0
6,301W02470,KR4301W24705,P 202502 470.0,2,470.0, ,2001,KOSPI200,P,202502,-0.9909,0.0005,0.0374,0.0439,-1.3181,0,20241103,0.0
6,301W02475,KR4301W24754,P 202502 475.0,2,475.0, ,2001,KOSPI200,P,202502,-0.9926,0.0004,0.0388,0.0364,-1.3338,0,20241103,0.0
6,301W02480,KR4301W24804,P 202502 480.0,2,480.0, ,2001,KOSPI200,P,202502,-0.9941,0.0004,0.0401,0.03,-1.3492,0,20241103,0.0
6,301W02485,KR4301W24853,P 202502 485.0,2,485.0, ,2001,KOSPI200,P,202502,-0.9953,0.0003,0.0412,0.0247,-1.3644,0,20241103,0.0
6,301W02490,KR4301W24903,P 202502 490.0,2,490.0, ,2001,KOSPI200,P,202502,-0.9962,0.0002,0.0423,0.0202,-1.3793,1,20241103,0.0002
6,301W03210,KR4301W32104,P 202503 210.0,3,210.0, ,2001,KOSPI200,P,202503,-0.0007,0.0,-0.0004,0.0047,-0.0008,711,20241103,0.0
6,301W03215,KR4301W32153,P 202503 215.0,3,215.0, ,2001,KOSPI200,P,202503,-0.0011,0.0001,-0.0007,0.0076,-0.0014,8,20241103,0.0008
6,301W03220,KR4301W32203,P 202503 220.0,3,220.0, ,2001,KOSPI200,P,202503,-0.0019,0.0001,-0.0011,0.0119,-0.0023,4,20241103,0.0004
6,301W03225,KR4301W32252,P 202503 225.0,3,225.0, ,2001,KOSPI200,P,202503,-0.0029,0.0002,-0.0016,0.0181,-0.0037,101,20241103,0.020200000000000003
6,301W03230,KR4301W32302,P 202503 230.0,3,230.0, ,2001,KOSPI200,P,202503,-0.0045,0.0003,-0.0024,0.0266,-0.0057,11,20241103,0.0032999999999999995
6,301W03235,KR4301W32351,P 202503 235.0,3,235.0, ,2001,KOSPI200,P,202503,-0.0068,0.0004,-0.0034,0.0381,-0.0086,79,20241103,0.0316
6,301W03240,KR4301W32401,P 202503 240.0,3,240.0, ,2001,KOSPI200,P,202503,-0.0099,0.0005,-0.0048,0.053,-0.0126,111,20241103,0.0555
6,301W03245,KR4301W32450,P 202503 245.0,3,245.0, ,2001,KOSPI200,P,202503,-0.0141,0.0007,-0.0065,0.072,-0.018,14,20241103,0.0098
6,301W03250,KR4301W32500,P 202503 250.0,3,250.0, ,2001,KOSPI200,P,202503,-0.0196,0.0009,-0.0085,0.0955,-0.025,68,20241103,0.0612
6,301W03255,KR4301W32559,P 202503 255.0,3,255.0, ,2001,KOSPI200,P,202503,-0.0266,0.0012,-0.011,0.1239,-0.0342,18,20241103,0.021599999999999998
6,301W03260,KR4301W32609,P 202503 260.0,3,260.0, ,2001,KOSPI200,P,202503,-0.0355,0.0015,-0.0139,0.1572,-0.0457,1266,20241103,1.899
6,301W03265,KR4301W32658,P 202503 265.0,3,265.0, ,2001,KOSPI200,P,202503,-0.0465,0.0019,-0.0172,0.1955,-0.0599,11,20241103,0.0209
6,301W03270,KR4301W32708,P 202503 270.0,3,270.0, ,2001,KOSPI200,P,202503,-0.0597,0.0023,-0.0209,0.2385,-0.0772,4853,20241103,11.1619
6,301W03275,KR4301W32757,P 202503 275.0,3,275.0, ,2001,KOSPI200,P,202503,-0.0754,0.0028,-0.0249,0.2856,-0.0977,6,20241103,0.0168
6,301W03280,KR4301W32807,P 202503 280.0,3,280.0, ,2001,KOSPI200,P,202503,-0.0936,0.0033,-0.0291,0.3361,-0.1218,1784,20241103,5.8872
6,301W03285,KR4301W32856,P 202503 285.0,3,285.0, ,2001,KOSPI200,P,202503,-0.1146,0.0038,-0.0335,0.3892,-0.1495,1036,20241103,3.9368
6,301W03290,KR4301W32906,P 202503 290.0,3,290.0, ,2001,KOSPI200,P,202503,-0.1382,0.0043,-0.0379,0.4435,-0.181,671,20241103,2.8853
6,301W03295,KR4301W32955,P 202503 295.0,3,295.0, ,2001,KOSPI200,P,202503,-0.1645,0.0049,-0.0423,0.498,-0.2161,277,20241103,1.3573
6,301W03300,KR4301W33003,P 202503 300.0,3,300.0, ,2001,KOSPI200,P,202503,-0.1933,0.0054,-0.0464,0.5513,-0.2549,5472,20241103,29.5488
6,301W03305,KR4301W33052,P 202503 305.0,3,305.0, ,2001,KOSPI200,P,202503,-0.2245,0.0059,-0.0502,0.602,-0.2971,1023,20241103,6.0357
6,301W03310,KR4301W33102,P 202503 310.0,3,310.0, ,2001,KOSPI200,P,202503,-0.2577,0.0063,-0.0535,0.649,-0.3425,2547,20241103,16.0461
6,301W03315,KR4301W33151,P 202503 315.0,3,315.0, ,2001,KOSPI200,P,202503,-0.2928,0.0068,-0.0563,0.6911,-0.3907,31,20241103,0.2108
6,301W03320,KR4301W33201,P 202503 320.0,3,320.0, ,2001,KOSPI200,P,202503,-0.3293,0.0071,-0.0585,0.7273,-0.4413,3154,20241103,22.3934
6,301W03325,KR4301W33250,P 202503 325.0,3,325.0, ,2001,KOSPI200,P,202503,-0.3669,0.0074,-0.06,0.7568,-0.494,1445,20241103,10.693
6,301W03330,KR4301W33300,P 202503 330.0,3,330.0, ,2001,KOSPI200,P,202503,-0.4052,0.0076,-0.0607,0.7791,-0.5483,2948,20241103,22.4048
6,301W03335,KR4301W33359,P 202503 335.0,3,335.0, ,2001,KOSPI200,P,202503,-0.4439,0.0078,-0.0607,0.7939,-0.6037,1107,20241103,8.634599999999999
6,301W03340,KR4301W33409,P 202503 340.0,1,340.0, ,2001,KOSPI200,P,202503,-0.4825,0.0078,-0.06,0.8011,-0.6598,2935,20241103,22.893
6,301W03345,KR4301W33458,P 202503 345.0,2,345.0, ,2001,KOSPI200,P,202503,-0.5207,0.0078,-0.0585,0.8008,-0.716,205,20241103,1.599
6,301W03350,KR4301W33508,P 202503 350.0,2,350.0, ,2001,KOSPI200,P,202503,-0.5582,0.0078,-0.0564,0.7933,-0.772,3776,20241103,29.4528
6,301W03355,KR4301W33557,P 202503 355.0,2,355.0, ,2001,KOSPI200,P,202503,-0.5946,0.0076,-0.0536,0.7792,-0.8274,1006,20241103,7.6456
6,301W03360,KR4301W33607,P 202503 360.0,2,360.0, ,2001,KOSPI200,P,202503,-0.6298,0.0074,-0.0503,0.759,-0.8819,402,20241103,2.9748
6,301W03365,KR4301W33656,P 202503 365.0,2,365.0, ,2001,KOSPI200,P,202503,-0.6634,0.0072,-0.0465,0.7336,-0.9351,201,20241103,1.4472
6,301W03370,KR4301W33706,P 202503 370.0,2,370.0, ,2001,KOSPI200,P,202503,-0.6954,0.0069,-0.0423,0.7036,-0.9868,899,20241103,6.2031
6,301W03375,KR4301W33755,P 202503 375.0,2,375.0, ,2001,KOSPI200,P,202503,-0.7255,0.0065,-0.0378,0.67,-1.0368,0,20241103,0.0
6,301W03380,KR4301W33805,P 202503 380.0,2,380.0, ,2001,KOSPI200,P,202503,-0.7537,0.0062,-0.0331,0.6336,-1.0849,1310,20241103,8.122
6,301W03385,KR4301W33854,P 202503 385.0,2,385.0, ,2001,KOSPI200,P,202503,-0.78,0.0058,-0.0282,0.5952,-1.1311,2,20241103,0.0116
6,301W03390,KR4301W33904,P 202503 390.0,2,390.0, ,2001,KOSPI200,P,202503,-0.8042,0.0054,-0.0233,0.5555,-1.1753,3,20241103,0.0162
6,301W03395,KR4301W33953,P 202503 395.0,2,395.0, ,2001,KOSPI200,P,202503,-0.8265,0.005,-0.0183,0.5153,-1.2175,200,20241103,1.0
6,301W03400,KR4301W34001,P 202503 400.0,2,400.0, ,2001,KOSPI200,P,202503,-0.8469,0.0046,-0.0135,0.4751,-1.2577,0,20241103,0.0
6,301W03405,KR4301W34050,P 202503 405.0,2,405.0, ,2001,KOSPI200,P,202503,-0.8653,0.0043,-0.0087,0.4357,-1.2959,0,20241103,0.0
6,301W03410,KR4301W34100,P 202503 410.0,2,410.0, ,2001,KOSPI200,P,202503,-0.882,0.0039,-0.0041,0.3973,-1.3322,1,20241103,0.0039
6,301W03415,KR4301W34159,P 202503 415.0,2,415.0, ,2001,KOSPI200,P,202503,-0.897,0.0035,0.0003,0.3604,-1.3666,0,20241103,0.0
6,301W03420,KR4301W34209,P 202503 420.0,2,420.0, ,2001,KOSPI200,P,202503,-0.9104,0.0032,0.0045,0.3253,-1.3994,0,20241103,0.0
6,301W03425,KR4301W34258,P 202503 425.0,2,425.0, ,2001,KOSPI200,P,202503,-0.9224,0.0029,0.0085,0.2921,-1.4306,0,20241103,0.0
6,301W03430,KR4301W34308,P 202503 430.0,2,430.0, ,2001,KOSPI200,P,202503,-0.9329,0.0026,0.0123,0.2612,-1.4602,0,20241103,0.0
6,301W03435,KR4301W34357,P 202503 435.0,2,435.0, ,2001,KOSPI200,P,202503,-0.9422,0.0023,0.0157,0.2324,-1.4886,0,20241103,0.0
6,301W03440,KR4301W34407,P 202503 440.0,2,440.0, ,2001,KOSPI200,P,202503,-0.9504,0.002,0.019,0.206,-1.5156,0,20241103,0.0
6,301W03445,KR4301W34456,P 202503 445.0,2,445.0, ,2001,KOSPI200,P,202503,-0.9576,0.0018,0.0219,0.1817,-1.5415,0,20241103,0.0
6,301W03450,KR4301W34506,P 202503 450.0,2,450.0, ,2001,KOSPI200,P,202503,-0.9638,0.0016,0.0247,0.1597,-1.5664,0,20241103,0.0
6,301W03455,KR4301W34555,P 202503 455.0,2,455.0, ,2001,KOSPI200,P,202503,-0.9692,0.0014,0.0272,0.1399,-1.5904,0,20241103,0.0
6,301W03460,KR4301W34605,P 202503 460.0,2,460.0, ,2001,KOSPI200,P,202503,-0.9738,0.0012,0.0295,0.122,-1.6135,0,20241103,0.0
6,301W03465,KR4301W34654,P 202503 465.0,2,465.0, ,2001,KOSPI200,P,202503,-0.9779,0.001,0.0316,0.106,-1.6359,0,20241103,0.0
6,301W03470,KR4301W34704,P 202503 470.0,2,470.0, ,2001,KOSPI200,P,202503,-0.9813,0.0009,0.0335,0.0918,-1.6577,0,20241103,0.0
6,301W03475,KR4301W34753,P 202503 475.0,2,475.0, ,2001,KOSPI200,P,202503,-0.9843,0.0008,0.0353,0.0793,-1.679,0,20241103,0.0
6,301W03480,KR4301W34803,P 202503 480.0,2,480.0, ,2001,KOSPI200,P,202503,-0.9868,0.0007,0.0369,0.0682,-1.6997,0,20241103,0.0
6,301W03485,KR4301W34852,P 202503 485.0,2,485.0, ,2001,KOSPI200,P,202503,-0.9889,0.0006,0.0383,0.0585,-1.72,0,20241103,0.0
6,301W03490,KR4301W34902,P 202503 490.0,2,490.0, ,2001,KOSPI200,P,202503,-0.9907,0.0005,0.0397,0.05,-1.7399,0,20241103,0.0
6,301W03495,KR4301W34951,P 202503 495.0,2,495.0, ,2001,KOSPI200,P,202503,-0.9923,0.0004,0.0409,0.0427,-1.7596,0,20241103,0.0
6,301W03500,KR4301W35008,P 202503 500.0,2,500.0, ,2001,KOSPI200,P,202503,-0.9936,0.0004,0.042,0.0363,-1.7789,0,20241103,0.0
6,301W03505,KR4301W35057,P 202503 505.0,2,505.0, ,2001,KOSPI200,P,202503,-0.9947,0.0003,0.043,0.0308,-1.798,0,20241103,0.0
6,301W03510,KR4301W35107,P 202503 510.0,2,510.0, ,2001,KOSPI200,P,202503,-0.9956,0.0003,0.0439,0.026,-1.8169,0,20241103,0.0
6,301W03515,KR4301W35156,P 202503 515.0,2,515.0, ,2001,KOSPI200,P,202503,-0.9963,0.0002,0.0448,0.022,-1.8357,0,20241103,0.0
6,301W03520,KR4301W35206,P 202503 520.0,2,520.0, ,2001,KOSPI200,P,202503,-0.997,0.0002,0.0456,0.0185,-1.8543,0,20241103,0.0
6,301W04220,KR4301W42202,P 202504 220.0,3,220.0, ,2001,KOSPI200,P,202504,-0.0043,0.0002,-0.002,0.0276,-0.0066,1,20241103,0.0002
6,301W04225,KR4301W42251,P 202504 225.0,3,225.0, ,2001,KOSPI200,P,202504,-0.0063,0.0003,-0.0029,0.039,-0.0097,15,20241103,0.0045
6,301W04230,KR4301W42301,P 202504 230.0,3,230.0, ,2001,KOSPI200,P,202504,-0.009,0.0004,-0.0039,0.0536,-0.0139,0,20241103,0.0
6,301W04235,KR4301W42350,P 202504 235.0,3,235.0, ,2001,KOSPI200,P,202504,-0.0127,0.0006,-0.0053,0.072,-0.0196,0,20241103,0.0
6,301W04240,KR4301W42400,P 202504 240.0,3,240.0, ,2001,KOSPI200,P,202504,-0.0174,0.0008,-0.0069,0.0946,-0.027,8,20241103,0.0064
6,301W04245,KR4301W42459,P 202504 245.0,3,245.0, ,2001,KOSPI200,P,202504,-0.0234,0.001,-0.0089,0.1217,-0.0364,8,20241103,0.008
6,301W04250,KR4301W42509,P 202504 250.0,3,250.0, ,2001,KOSPI200,P,202504,-0.0309,0.0013,-0.0111,0.1535,-0.0482,8,20241103,0.0104
6,301W04255,KR4301W42558,P 202504 255.0,3,255.0, ,2001,KOSPI200,P,202504,-0.0401,0.0016,-0.0137,0.19,-0.0626,14,20241103,0.0224
6,301W04260,KR4301W42608,P 202504 260.0,3,260.0, ,2001,KOSPI200,P,202504,-0.0512,0.0019,-0.0166,0.2311,-0.0801,6,20241103,0.0114
6,301W04265,KR4301W42657,P 202504 265.0,3,265.0, ,2001,KOSPI200,P,202504,-0.0643,0.0023,-0.0198,0.2765,-0.1009,0,20241103,0.0
6,301W04270,KR4301W42707,P 202504 270.0,3,270.0, ,2001,KOSPI200,P,202504,-0.0795,0.0027,-0.0231,0.3255,-0.1252,0,20241103,0.0
6,301W04275,KR4301W42756,P 202504 275.0,3,275.0, ,2001,KOSPI200,P,202504,-0.097,0.0031,-0.0266,0.3774,-0.1532,3,20241103,0.0093
6,301W04280,KR4301W42806,P 202504 280.0,3,280.0, ,2001,KOSPI200,P,202504,-0.1167,0.0035,-0.0303,0.4315,-0.185,461,20241103,1.6135
6,301W04285,KR4301W42855,P 202504 285.0,3,285.0, ,2001,KOSPI200,P,202504,-0.1387,0.004,-0.0339,0.4866,-0.2206,0,20241103,0.0
6,301W04290,KR4301W42905,P 202504 290.0,3,290.0, ,2001,KOSPI200,P,202504,-0.163,0.0044,-0.0374,0.5416,-0.2601,0,20241103,0.0
6,301W04295,KR4301W42954,P 202504 295.0,3,295.0, ,2001,KOSPI200,P,202504,-0.1893,0.0049,-0.0407,0.5956,-0.3033,0,20241103,0.0
6,301W04300,KR4301W43002,P 202504 300.0,3,300.0, ,2001,KOSPI200,P,202504,-0.2177,0.0053,-0.0439,0.6473,-0.35,404,20241103,2.1412
6,301W04305,KR4301W43051,P 202504 305.0,3,305.0, ,2001,KOSPI200,P,202504,-0.2478,0.0057,-0.0466,0.6956,-0.4001,201,20241103,1.1457
6,301W04310,KR4301W43101,P 202504 310.0,3,310.0, ,2001,KOSPI200,P,202504,-0.2794,0.006,-0.049,0.7396,-0.4531,0,20241103,0.0
6,301W04315,KR4301W43150,P 202504 315.0,3,315.0, ,2001,KOSPI200,P,202504,-0.3124,0.0064,-0.0509,0.7785,-0.5087,0,20241103,0.0
6,301W04320,KR4301W43200,P 202504 320.0,3,320.0, ,2001,KOSPI200,P,202504,-0.3463,0.0066,-0.0523,0.8115,-0.5667,450,20241103,2.97
6,301W04325,KR4301W43259,P 202504 325.0,3,325.0, ,2001,KOSPI200,P,202504,-0.381,0.0068,-0.0531,0.8382,-0.6264,0,20241103,0.0
6,301W04330,KR4301W43309,P 202504 330.0,3,330.0, ,2001,KOSPI200,P,202504,-0.4161,0.007,-0.0534,0.858,-0.6876,15,20241103,0.105
6,301W04335,KR4301W43358,P 202504 335.0,3,335.0, ,2001,KOSPI200,P,202504,-0.4514,0.0071,-0.0531,0.871,-0.7498,0,20241103,0.0
6,301W04340,KR4301W43408,P 202504 340.0,1,340.0, ,2001,KOSPI200,P,202504,-0.4865,0.0072,-0.0523,0.877,-0.8125,0,20241103,0.0
6,301W04345,KR4301W43457,P 202504 345.0,2,345.0, ,2001,KOSPI200,P,202504,-0.5213,0.0072,-0.0509,0.8762,-0.8754,0,20241103,0.0
6,301W04350,KR4301W43507,P 202504 350.0,2,350.0, ,2001,KOSPI200,P,202504,-0.5553,0.0071,-0.049,0.869,-0.938,0,20241103,0.0
6,301W04355,KR4301W43556,P 202504 355.0,2,355.0, ,2001,KOSPI200,P,202504,-0.5885,0.007,-0.0467,0.8558,-1.0001,0,20241103,0.0
6,301W04360,KR4301W43606,P 202504 360.0,2,360.0, ,2001,KOSPI200,P,202504,-0.6206,0.0068,-0.0439,0.8371,-1.0613,0,20241103,0.0
6,301W04365,KR4301W43655,P 202504 365.0,2,365.0, ,2001,KOSPI200,P,202504,-0.6515,0.0066,-0.0407,0.8134,-1.1213,0,20241103,0.0
6,301W04370,KR4301W43705,P 202504 370.0,2,370.0, ,2001,KOSPI200,P,202504,-0.681,0.0064,-0.0373,0.7855,-1.1799,0,20241103,0.0
6,301W04375,KR4301W43754,P 202504 375.0,2,375.0, ,2001,KOSPI200,P,202504,-0.709,0.0062,-0.0336,0.7541,-1.237,0,20241103,0.0
6,301W04380,KR4301W43804,P 202504 380.0,2,380.0, ,2001,KOSPI200,P,202504,-0.7355,0.0059,-0.0297,0.7197,-1.2923,0,20241103,0.0
6,301W04385,KR4301W43853,P 202504 385.0,2,385.0, ,2001,KOSPI200,P,202504,-0.7604,0.0056,-0.0257,0.6832,-1.3457,0,20241103,0.0
6,301W04390,KR4301W43903,P 202504 390.0,2,390.0, ,2001,KOSPI200,P,202504,-0.7836,0.0053,-0.0216,0.6451,-1.3973,0,20241103,0.0
6,301W04395,KR4301W43952,P 202504 395.0,2,395.0, ,2001,KOSPI200,P,202504,-0.8052,0.0049,-0.0175,0.606,-1.4468,0,20241103,0.0
6,301W04400,KR4301W44000,P 202504 400.0,2,400.0, ,2001,KOSPI200,P,202504,-0.8252,0.0046,-0.0133,0.5665,-1.4945,0,20241103,0.0
6,301W04405,KR4301W44059,P 202504 405.0,2,405.0, ,2001,KOSPI200,P,202504,-0.8436,0.0043,-0.0093,0.5272,-1.5401,0,20241103,0.0
6,301W04410,KR4301W44109,P 202504 410.0,2,410.0, ,2001,KOSPI200,P,202504,-0.8605,0.004,-0.0053,0.4883,-1.5839,0,20241103,0.0
6,301W04415,KR4301W44158,P 202504 415.0,2,415.0, ,2001,KOSPI200,P,202504,-0.8759,0.0037,-0.0014,0.4504,-1.6258,0,20241103,0.0
6,301W04420,KR4301W44208,P 202504 420.0,2,420.0, ,2001,KOSPI200,P,202504,-0.89,0.0034,0.0024,0.4137,-1.666,0,20241103,0.0
6,301W04425,KR4301W44257,P 202504 425.0,2,425.0, ,2001,KOSPI200,P,202504,-0.9027,0.0031,0.006,0.3784,-1.7044,0,20241103,0.0
6,301W04430,KR4301W44307,P 202504 430.0,2,430.0, ,2001,KOSPI200,P,202504,-0.9141,0.0028,0.0094,0.3449,-1.7412,0,20241103,0.0
6,301W04435,KR4301W44356,P 202504 435.0,2,435.0, ,2001,KOSPI200,P,202504,-0.9244,0.0026,0.0127,0.3131,-1.7766,0,20241103,0.0
6,301W04440,KR4301W44406,P 202504 440.0,2,440.0, ,2001,KOSPI200,P,202504,-0.9337,0.0023,0.0157,0.2833,-1.8105,0,20241103,0.0
6,301W04445,KR4301W44455,P 202504 445.0,2,445.0, ,2001,KOSPI200,P,202504,-0.9419,0.0021,0.0186,0.2554,-1.8432,0,20241103,0.0
6,301W04450,KR4301W44505,P 202504 450.0,2,450.0, ,2001,KOSPI200,P,202504,-0.9493,0.0019,0.0213,0.2295,-1.8747,0,20241103,0.0
6,301W04455,KR4301W44554,P 202504 455.0,2,455.0, ,2001,KOSPI200,P,202504,-0.9558,0.0017,0.0239,0.2056,-1.905,0,20241103,0.0
6,301W04460,KR4301W44604,P 202504 460.0,2,460.0, ,2001,KOSPI200,P,202504,-0.9615,0.0015,0.0262,0.1836,-1.9344,0,20241103,0.0
6,301W04465,KR4301W44653,P 202504 465.0,2,465.0, ,2001,KOSPI200,P,202504,-0.9666,0.0013,0.0284,0.1635,-1.9629,0,20241103,0.0
6,301W04470,KR4301W44703,P 202504 470.0,2,470.0, ,2001,KOSPI200,P,202504,-0.9711,0.0012,0.0305,0.1451,-1.9905,0,20241103,0.0
6,301W06190,KR4301W61905,P 202506 190.0,3,190.0, ,2001,KOSPI200,P,202506,-0.0012,0.0001,-0.0006,0.0107,-0.0027,104,20241103,0.010400000000000001
6,301W06195,KR4301W61954,P 202506 195.0,3,195.0, ,2001,KOSPI200,P,202506,-0.0019,0.0001,-0.0008,0.0157,-0.0041,2,20241103,0.0002
6,301W06200,KR4301W62002,P 202506 200.0,3,200.0, ,2001,KOSPI200,P,202506,-0.0028,0.0001,-0.0012,0.0226,-0.0061,282,20241103,0.028200000000000003
6,301W06205,KR4301W62051,P 202506 205.0,3,205.0, ,2001,KOSPI200,P,202506,-0.0041,0.0002,-0.0017,0.0316,-0.0089,2,20241103,0.0004
6,301W06210,KR4301W62101,P 202506 210.0,3,210.0, ,2001,KOSPI200,P,202506,-0.0059,0.0003,-0.0023,0.0433,-0.0127,119,20241103,0.035699999999999996
6,301W06215,KR4301W62150,P 202506 215.0,3,215.0, ,2001,KOSPI200,P,202506,-0.0082,0.0003,-0.003,0.058,-0.0178,1,20241103,0.0003
6,301W06220,KR4301W62200,P 202506 220.0,3,220.0, ,2001,KOSPI200,P,202506,-0.0112,0.0004,-0.004,0.0762,-0.0243,202,20241103,0.08080000000000001
6,301W06225,KR4301W62259,P 202506 225.0,3,225.0, ,2001,KOSPI200,P,202506,-0.015,0.0006,-0.0051,0.0981,-0.0326,3,20241103,0.0018
6,301W06230,KR4301W62309,P 202506 230.0,3,230.0, ,2001,KOSPI200,P,202506,-0.0197,0.0007,-0.0064,0.124,-0.0431,74,20241103,0.0518
6,301W06235,KR4301W62358,P 202506 235.0,3,235.0, ,2001,KOSPI200,P,202506,-0.0255,0.0009,-0.0079,0.1543,-0.0559,4,20241103,0.0036
6,301W06240,KR4301W62408,P 202506 240.0,3,240.0, ,2001,KOSPI200,P,202506,-0.0325,0.0011,-0.0096,0.1888,-0.0715,108,20241103,0.1188
6,301W06245,KR4301W62457,P 202506 245.0,3,245.0, ,2001,KOSPI200,P,202506,-0.0408,0.0013,-0.0116,0.2275,-0.09,1,20241103,0.0013
6,301W06250,KR4301W62507,P 202506 250.0,3,250.0, ,2001,KOSPI200,P,202506,-0.0506,0.0016,-0.0137,0.2704,-0.1119,69,20241103,0.11040000000000001
6,301W06255,KR4301W62556,P 202506 255.0,3,255.0, ,2001,KOSPI200,P,202506,-0.0619,0.0019,-0.0159,0.3169,-0.1373,1,20241103,0.0019
6,301W06260,KR4301W62606,P 202506 260.0,3,260.0, ,2001,KOSPI200,P,202506,-0.0748,0.0021,-0.0183,0.3668,-0.1664,30,20241103,0.063
6,301W06265,KR4301W62655,P 202506 265.0,3,265.0, ,2001,KOSPI200,P,202506,-0.0893,0.0025,-0.0208,0.4194,-0.1994,20,20241103,0.05
6,301W06270,KR4301W62705,P 202506 270.0,3,270.0, ,2001,KOSPI200,P,202506,-0.1056,0.0028,-0.0233,0.4741,-0.2364,743,20241103,2.0804
6,301W06275,KR4301W62754,P 202506 275.0,3,275.0, ,2001,KOSPI200,P,202506,-0.1235,0.0031,-0.0259,0.53,-0.2775,1,20241103,0.0031
6,301W06280,KR4301W62804,P 202506 280.0,3,280.0, ,2001,KOSPI200,P,202506,-0.1431,0.0034,-0.0284,0.5865,-0.3226,2888,20241103,9.819199999999999
6,301W06285,KR4301W62853,P 202506 285.0,3,285.0, ,2001,KOSPI200,P,202506,-0.1642,0.0038,-0.0309,0.6426,-0.3717,0,20241103,0.0
6,301W06290,KR4301W62903,P 202506 290.0,3,290.0, ,2001,KOSPI200,P,202506,-0.1869,0.0041,-0.0332,0.6975,-0.4246,30,20241103,0.12300000000000001
6,301W06295,KR4301W62952,P 202506 295.0,3,295.0, ,2001,KOSPI200,P,202506,-0.211,0.0044,-0.0353,0.7504,-0.4812,147,20241103,0.6468
6,301W06300,KR4301W63000,P 202506 300.0,3,300.0, ,2001,KOSPI200,P,202506,-0.2363,0.0047,-0.0373,0.8004,-0.5413,3229,20241103,15.176300000000001
6,301W06305,KR4301W63059,P 202506 305.0,3,305.0, ,2001,KOSPI200,P,202506,-0.2628,0.005,-0.039,0.8469,-0.6045,5,20241103,0.025
6,301W06310,KR4301W63109,P 202506 310.0,3,310.0, ,2001,KOSPI200,P,202506,-0.2903,0.0052,-0.0404,0.8893,-0.6706,2416,20241103,12.5632
6,301W06315,KR4301W63158,P 202506 315.0,3,315.0, ,2001,KOSPI200,P,202506,-0.3186,0.0054,-0.0415,0.9268,-0.7393,1,20241103,0.0054
6,301W06320,KR4301W63208,P 202506 320.0,3,320.0, ,2001,KOSPI200,P,202506,-0.3475,0.0056,-0.0422,0.9592,-0.8101,3004,20241103,16.8224
6,301W06325,KR4301W63257,P 202506 325.0,3,325.0, ,2001,KOSPI200,P,202506,-0.3768,0.0058,-0.0427,0.9861,-0.8828,4,20241103,0.0232
6,301W06330,KR4301W63307,P 202506 330.0,3,330.0, ,2001,KOSPI200,P,202506,-0.4064,0.0059,-0.0427,1.0073,-0.957,2198,20241103,12.9682
6,301W06335,KR4301W63356,P 202506 335.0,3,335.0, ,2001,KOSPI200,P,202506,-0.4361,0.006,-0.0425,1.0226,-1.0322,1509,20241103,9.054
6,301W06340,KR4301W63406,P 202506 340.0,1,340.0, ,2001,KOSPI200,P,202506,-0.4658,0.006,-0.0419,1.0321,-1.1082,1520,20241103,9.120000000000001
6,301W06345,KR4301W63455,P 202506 345.0,2,345.0, ,2001,KOSPI200,P,202506,-0.4951,0.0061,-0.0409,1.0358,-1.1846,208,20241103,1.2688000000000001
6,301W06350,KR4301W63505,P 202506 350.0,2,350.0, ,2001,KOSPI200,P,202506,-0.5241,0.0061,-0.0397,1.034,-1.261,2221,20241103,13.548100000000002
6,301W06355,KR4301W63554,P 202506 355.0,2,355.0, ,2001,KOSPI200,P,202506,-0.5526,0.006,-0.0381,1.0269,-1.3371,4,20241103,0.024
6,301W06360,KR4301W63604,P 202506 360.0,2,360.0, ,2001,KOSPI200,P,202506,-0.5803,0.0059,-0.0363,1.0148,-1.4128,28,20241103,0.16519999999999999
6,301W06365,KR4301W63653,P 202506 365.0,2,365.0, ,2001,KOSPI200,P,202506,-0.6074,0.0058,-0.0342,0.9982,-1.4876,7,20241103,0.0406
6,301W06370,KR4301W63703,P 202506 370.0,2,370.0, ,2001,KOSPI200,P,202506,-0.6335,0.0057,-0.0319,0.9774,-1.5614,1308,20241103,7.4556000000000004
6,301W06375,KR4301W63752,P 202506 375.0,2,375.0, ,2001,KOSPI200,P,202506,-0.6587,0.0056,-0.0294,0.9528,-1.634,0,20241103,0.0
6,301W06380,KR4301W63802,P 202506 380.0,2,380.0, ,2001,KOSPI200,P,202506,-0.6829,0.0054,-0.0267,0.925,-1.7053,608,20241103,3.2832000000000003
6,301W06385,KR4301W63851,P 202506 385.0,2,385.0, ,2001,KOSPI200,P,202506,-0.7061,0.0052,-0.024,0.8945,-1.775,0,20241103,0.0
6,301W06390,KR4301W63901,P 202506 390.0,2,390.0, ,2001,KOSPI200,P,202506,-0.7281,0.005,-0.0211,0.8616,-1.8431,507,20241103,2.535
6,301W06395,KR4301W63950,P 202506 395.0,2,395.0, ,2001,KOSPI200,P,202506,-0.749,0.0048,-0.0181,0.8269,-1.9094,0,20241103,0.0
6,301W06400,KR4301W64008,P 202506 400.0,2,400.0, ,2001,KOSPI200,P,202506,-0.7688,0.0046,-0.0151,0.7907,-1.974,3,20241103,0.0138
6,301W06405,KR4301W64057,P 202506 405.0,2,405.0, ,2001,KOSPI200,P,202506,-0.7875,0.0044,-0.012,0.7536,-2.0368,0,20241103,0.0
6,301W06410,KR4301W64107,P 202506 410.0,2,410.0, ,2001,KOSPI200,P,202506,-0.805,0.0042,-0.0089,0.7159,-2.0978,3,20241103,0.0126
6,301W06415,KR4301W64156,P 202506 415.0,2,415.0, ,2001,KOSPI200,P,202506,-0.8215,0.004,-0.0059,0.6779,-2.1569,0,20241103,0.0
6,301W06420,KR4301W64206,P 202506 420.0,2,420.0, ,2001,KOSPI200,P,202506,-0.8368,0.0037,-0.0029,0.64,-2.2143,5,20241103,0.018500000000000003
6,301W06425,KR4301W64255,P 202506 425.0,2,425.0, ,2001,KOSPI200,P,202506,-0.8511,0.0035,0.0001,0.6025,-2.2698,0,20241103,0.0
6,301W06430,KR4301W64305,P 202506 430.0,2,430.0, ,2001,KOSPI200,P,202506,-0.8644,0.0033,0.003,0.5655,-2.3236,1,20241103,0.0033
6,301W06435,KR4301W64354,P 202506 435.0,2,435.0, ,2001,KOSPI200,P,202506,-0.8767,0.0031,0.0059,0.5294,-2.3758,0,20241103,0.0
6,301W06440,KR4301W64404,P 202506 440.0,2,440.0, ,2001,KOSPI200,P,202506,-0.8881,0.0029,0.0086,0.4943,-2.4263,0,20241103,0.0
6,301W06445,KR4301W64453,P 202506 445.0,2,445.0, ,2001,KOSPI200,P,202506,-0.8986,0.0027,0.0113,0.4604,-2.4753,0,20241103,0.0
6,301W06450,KR4301W64503,P 202506 450.0,2,450.0, ,2001,KOSPI200,P,202506,-0.9082,0.0025,0.0139,0.4278,-2.5228,0,20241103,0.0
6,301W06455,KR4301W64552,P 202506 455.0,2,455.0, ,2001,KOSPI200,P,202506,-0.9171,0.0023,0.0163,0.3966,-2.569,0,20241103,0.0
6,301W06460,KR4301W64602,P 202506 460.0,2,460.0, ,2001,KOSPI200,P,202506,-0.9252,0.0021,0.0187,0.3668,-2.6137,0,20241103,0.0
6,301W06465,KR4301W64651,P 202506 465.0,2,465.0, ,2001,KOSPI200,P,202506,-0.9326,0.002,0.021,0.3386,-2.6573,0,20241103,0.0
6,301W06470,KR4301W64701,P 202506 470.0,2,470.0, ,2001,KOSPI200,P,202506,-0.9394,0.0018,0.0231,0.3118,-2.6997,0,20241103,0.0
6,301W06475,KR4301W64750,P 202506 475.0,2,475.0, ,2001,KOSPI200,P,202506,-0.9455,0.0017,0.0252,0.2866,-2.7409,0,20241103,0.0
6,301W06480,KR4301W64800,P 202506 480.0,2,480.0, ,2001,KOSPI200,P,202506,-0.9511,0.0015,0.0271,0.263,-2.7812,0,20241103,0.0
6,301W06485,KR4301W64859,P 202506 485.0,2,485.0, ,2001,KOSPI200,P,202506,-0.9562,0.0014,0.029,0.2408,-2.8205,0,20241103,0.0
6,301W06490,KR4301W64909,P 202506 490.0,2,490.0, ,2001,KOSPI200,P,202506,-0.9608,0.0013,0.0307,0.2201,-2.859,0,20241103,0.0
6,301W06495,KR4301W64958,P 202506 495.0,2,495.0, ,2001,KOSPI200,P,202506,-0.965,0.0012,0.0324,0.2009,-2.8966,0,20241103,0.0
6,301W06500,KR4301W65005,P 202506 500.0,2,500.0, ,2001,KOSPI200,P,202506,-0.9687,0.0011,0.034,0.183,-2.9336,0,20241103,0.0
6,301W06505,KR4301W65054,P 202506 505.0,2,505.0, ,2001,KOSPI200,P,202506,-0.9721,0.001,0.0355,0.1664,-2.9698,0,20241103,0.0
6,301W06510,KR4301W65104,P 202506 510.0,2,510.0, ,2001,KOSPI200,P,202506,-0.9751,0.0009,0.0369,0.1511,-3.0054,0,20241103,0.0
6,301W06515,KR4301W65153,P 202506 515.0,2,515.0, ,2001,KOSPI200,P,202506,-0.9779,0.0008,0.0382,0.137,-3.0404,0,20241103,0.0
6,301W06520,KR4301W65203,P 202506 520.0,2,520.0, ,2001,KOSPI200,P,202506,-0.9803,0.0007,0.0395,0.1241,-3.075,1,20241103,0.0007
6,301W09220,KR4301W92207,P 202509 220.0,3,220.0, ,2001,KOSPI200,P,202509,-0.0238,0.0007,-0.0062,0.1724,-0.0744,3,20241103,0.0021
6,301W09225,KR4301W92256,P 202509 225.0,3,225.0, ,2001,KOSPI200,P,202509,-0.0297,0.0009,-0.0074,0.2074,-0.0931,2,20241103,0.0018
6,301W09230,KR4301W92306,P 202509 230.0,3,230.0, ,2001,KOSPI200,P,202509,-0.0366,0.001,-0.0087,0.2463,-0.115,0,20241103,0.0
6,301W09235,KR4301W92355,P 202509 235.0,3,235.0, ,2001,KOSPI200,P,202509,-0.0446,0.0012,-0.0101,0.289,-0.1404,0,20241103,0.0
6,301W09240,KR4301W92405,P 202509 240.0,3,240.0, ,2001,KOSPI200,P,202509,-0.0537,0.0014,-0.0117,0.3352,-0.1696,0,20241103,0.0
6,301W09245,KR4301W92454,P 202509 245.0,3,245.0, ,2001,KOSPI200,P,202509,-0.064,0.0016,-0.0133,0.3846,-0.2027,0,20241103,0.0
6,301W09250,KR4301W92504,P 202509 250.0,3,250.0, ,2001,KOSPI200,P,202509,-0.0755,0.0018,-0.015,0.4368,-0.2399,0,20241103,0.0
6,301W09255,KR4301W92553,P 202509 255.0,3,255.0, ,2001,KOSPI200,P,202509,-0.0882,0.0021,-0.0168,0.4912,-0.2813,0,20241103,0.0
6,301W09260,KR4301W92603,P 202509 260.0,3,260.0, ,2001,KOSPI200,P,202509,-0.1022,0.0023,-0.0186,0.5474,-0.327,0,20241103,0.0
6,301W09265,KR4301W92652,P 202509 265.0,3,265.0, ,2001,KOSPI200,P,202509,-0.1174,0.0025,-0.0203,0.6048,-0.377,160,20241103,0.4
6,301W09270,KR4301W92702,P 202509 270.0,3,270.0, ,2001,KOSPI200,P,202509,-0.1338,0.0028,-0.0221,0.6626,-0.4313,0,20241103,0.0
6,301W09275,KR4301W92751,P 202509 275.0,3,275.0, ,2001,KOSPI200,P,202509,-0.1514,0.003,-0.0238,0.7203,-0.4899,100,20241103,0.3
6,301W09280,KR4301W92801,P 202509 280.0,3,280.0, ,2001,KOSPI200,P,202509,-0.1701,0.0033,-0.0254,0.7773,-0.5525,201,20241103,0.6633
6,301W09285,KR4301W92850,P 202509 285.0,3,285.0, ,2001,KOSPI200,P,202509,-0.1899,0.0035,-0.0269,0.8328,-0.6191,0,20241103,0.0
6,301W09290,KR4301W92900,P 202509 290.0,3,290.0, ,2001,KOSPI200,P,202509,-0.2106,0.0037,-0.0283,0.8864,-0.6895,0,20241103,0.0
6,301W09295,KR4301W92959,P 202509 295.0,3,295.0, ,2001,KOSPI200,P,202509,-0.2322,0.0039,-0.0296,0.9373,-0.7635,0,20241103,0.0
6,301W09300,KR4301W93007,P 202509 300.0,3,300.0, ,2001,KOSPI200,P,202509,-0.2546,0.0041,-0.0307,0.9852,-0.8408,0,20241103,0.0
6,301W09305,KR4301W93056,P 202509 305.0,3,305.0, ,2001,KOSPI200,P,202509,-0.2777,0.0043,-0.0316,1.0294,-0.9211,0,20241103,0.0
6,301W09310,KR4301W93106,P 202509 310.0,3,310.0, ,2001,KOSPI200,P,202509,-0.3014,0.0045,-0.0324,1.0698,-1.0041,801,20241103,3.6045
6,301W09315,KR4301W93155,P 202509 315.0,3,315.0, ,2001,KOSPI200,P,202509,-0.3255,0.0046,-0.0329,1.1058,-1.0896,0,20241103,0.0
6,301W09320,KR4301W93205,P 202509 320.0,3,320.0, ,2001,KOSPI200,P,202509,-0.35,0.0048,-0.0332,1.1373,-1.1772,600,20241103,2.88
6,301W09325,KR4301W93254,P 202509 325.0,3,325.0, ,2001,KOSPI200,P,202509,-0.3747,0.0049,-0.0333,1.164,-1.2666,0,20241103,0.0
6,301W09330,KR4301W93304,P 202509 330.0,3,330.0, ,2001,KOSPI200,P,202509,-0.3996,0.005,-0.0333,1.1859,-1.3575,601,20241103,3.005
6,301W09335,KR4301W93353,P 202509 335.0,3,335.0, ,2001,KOSPI200,P,202509,-0.4245,0.005,-0.0329,1.2029,-1.4495,0,20241103,0.0
6,301W09340,KR4301W93403,P 202509 340.0,1,340.0, ,2001,KOSPI200,P,202509,-0.4494,0.0051,-0.0324,1.215,-1.5424,0,20241103,0.0
6,301W09345,KR4301W93452,P 202509 345.0,2,345.0, ,2001,KOSPI200,P,202509,-0.474,0.0051,-0.0317,1.2223,-1.6359,0,20241103,0.0
6,301W09350,KR4301W93502,P 202509 350.0,2,350.0, ,2001,KOSPI200,P,202509,-0.4985,0.0051,-0.0308,1.2249,-1.7297,0,20241103,0.0
6,301W09355,KR4301W93551,P 202509 355.0,2,355.0, ,2001,KOSPI200,P,202509,-0.5225,0.0051,-0.0297,1.223,-1.8234,0,20241103,0.0
6,301W09360,KR4301W93601,P 202509 360.0,2,360.0, ,2001,KOSPI200,P,202509,-0.5462,0.0051,-0.0285,1.2167,-1.917,0,20241103,0.0
6,301W09365,KR4301W93650,P 202509 365.0,2,365.0, ,2001,KOSPI200,P,202509,-0.5694,0.0051,-0.0271,1.2064,-2.01,0,20241103,0.0
6,301W09370,KR4301W93700,P 202509 370.0,2,370.0, ,2001,KOSPI200,P,202509,-0.592,0.005,-0.0255,1.1922,-2.1024,0,20241103,0.0
6,301W09375,KR4301W93759,P 202509 375.0,2,375.0, ,2001,KOSPI200,P,202509,-0.614,0.0049,-0.0238,1.1745,-2.194,0,20241103,0.0
6,301W09380,KR4301W93809,P 202509 380.0,2,380.0, ,2001,KOSPI200,P,202509,-0.6354,0.0048,-0.022,1.1537,-2.2846,0,20241103,0.0
6,301W09385,KR4301W93858,P 202509 385.0,2,385.0, ,2001,KOSPI200,P,202509,-0.6561,0.0047,-0.0201,1.1299,-2.374,0,20241103,0.0
6,301W09390,KR4301W93908,P 202509 390.0,2,390.0, ,2001,KOSPI200,P,202509,-0.6761,0.0046,-0.0181,1.1036,-2.4621,0,20241103,0.0
6,301W09395,KR4301W93957,P 202509 395.0,2,395.0, ,2001,KOSPI200,P,202509,-0.6953,0.0045,-0.016,1.075,-2.5488,0,20241103,0.0
6,301W09400,KR4301W94005,P 202509 400.0,2,400.0, ,2001,KOSPI200,P,202509,-0.7138,0.0044,-0.0138,1.0445,-2.634,0,20241103,0.0
6,301W09405,KR4301W94054,P 202509 405.0,2,405.0, ,2001,KOSPI200,P,202509,-0.7315,0.0042,-0.0116,1.0123,-2.7177,0,20241103,0.0
6,301W09410,KR4301W94104,P 202509 410.0,2,410.0, ,2001,KOSPI200,P,202509,-0.7485,0.0041,-0.0094,0.9789,-2.7998,0,20241103,0.0
6,301W09415,KR4301W94153,P 202509 415.0,2,415.0, ,2001,KOSPI200,P,202509,-0.7646,0.004,-0.0072,0.9444,-2.8802,0,20241103,0.0
6,301W09420,KR4301W94203,P 202509 420.0,2,420.0, ,2001,KOSPI200,P,202509,-0.78,0.0038,-0.0049,0.9091,-2.959,0,20241103,0.0
6,301W09425,KR4301W94252,P 202509 425.0,2,425.0, ,2001,KOSPI200,P,202509,-0.7946,0.0037,-0.0026,0.8733,-3.0362,0,20241103,0.0
6,301W09430,KR4301W94302,P 202509 430.0,2,430.0, ,2001,KOSPI200,P,202509,-0.8085,0.0035,-0.0003,0.8372,-3.1116,0,20241103,0.0
6,301W09435,KR4301W94351,P 202509 435.0,2,435.0, ,2001,KOSPI200,P,202509,-0.8216,0.0034,0.0019,0.8011,-3.1854,0,20241103,0.0
6,301W09440,KR4301W94401,P 202509 440.0,2,440.0, ,2001,KOSPI200,P,202509,-0.834,0.0032,0.0041,0.765,-3.2575,0,20241103,0.0
6,301W09445,KR4301W94450,P 202509 445.0,2,445.0, ,2001,KOSPI200,P,202509,-0.8457,0.0031,0.0063,0.7293,-3.3281,0,20241103,0.0
6,301W09450,KR4301W94500,P 202509 450.0,2,450.0, ,2001,KOSPI200,P,202509,-0.8568,0.0029,0.0085,0.694,-3.3971,0,20241103,0.0
6,301W09455,KR4301W94559,P 202509 455.0,2,455.0, ,2001,KOSPI200,P,202509,-0.8671,0.0028,0.0106,0.6594,-3.4645,0,20241103,0.0
6,301W09460,KR4301W94609,P 202509 460.0,2,460.0, ,2001,KOSPI200,P,202509,-0.8769,0.0026,0.0127,0.6254,-3.5304,0,20241103,0.0
6,301W09465,KR4301W94658,P 202509 465.0,2,465.0, ,2001,KOSPI200,P,202509,-0.886,0.0025,0.0147,0.5923,-3.5949,0,20241103,0.0
6,301W09470,KR4301W94708,P 202509 470.0,2,470.0, ,2001,KOSPI200,P,202509,-0.8945,0.0023,0.0167,0.5601,-3.658,0,20241103,0.0
6,301W09475,KR4301W94757,P 202509 475.0,2,475.0, ,2001,KOSPI200,P,202509,-0.9025,0.0022,0.0186,0.5289,-3.7198,0,20241103,0.0
6,301W12170,KR4301WC1702,P 202512 170.0,3,170.0, ,2001,KOSPI200,P,202512,-0.0029,0.0001,-0.0009,0.0307,-0.0115,898,20241103,0.0898
6,301W12180,KR4301WC1801,P 202512 180.0,3,180.0, ,2001,KOSPI200,P,202512,-0.0054,0.0002,-0.0015,0.0543,-0.0218,40,20241103,0.008
6,301W12190,KR4301WC1900,P 202512 190.0,3,190.0, ,2001,KOSPI200,P,202512,-0.0096,0.0003,-0.0025,0.0891,-0.0384,110,20241103,0.032999999999999995
6,301W12200,KR4301WC2007,P 202512 200.0,3,200.0, ,2001,KOSPI200,P,202512,-0.0157,0.0004,-0.0038,0.1372,-0.0636,1008,20241103,0.4032
6,301W12210,KR4301WC2106,P 202512 210.0,3,210.0, ,2001,KOSPI200,P,202512,-0.0245,0.0007,-0.0054,0.1999,-0.0997,33,20241103,0.0231
6,301W12220,KR4301WC2205,P 202512 220.0,3,220.0, ,2001,KOSPI200,P,202512,-0.0364,0.0009,-0.0074,0.2775,-0.149,551,20241103,0.4959
6,301W12230,KR4301WC2304,P 202512 230.0,3,230.0, ,2001,KOSPI200,P,202512,-0.0518,0.0012,-0.0098,0.3691,-0.2135,57,20241103,0.06839999999999999
6,301W12240,KR4301WC2403,P 202512 240.0,3,240.0, ,2001,KOSPI200,P,202512,-0.0711,0.0015,-0.0123,0.4724,-0.2947,73,20241103,0.1095
6,301W12250,KR4301WC2502,P 202512 250.0,3,250.0, ,2001,KOSPI200,P,202512,-0.0943,0.0019,-0.015,0.5844,-0.3937,1395,20241103,2.6505
6,301W12260,KR4301WC2601,P 202512 260.0,3,260.0, ,2001,KOSPI200,P,202512,-0.1215,0.0023,-0.0177,0.7014,-0.5108,948,20241103,2.1804
6,301W12270,KR4301WC2700,P 202512 270.0,3,270.0, ,2001,KOSPI200,P,202512,-0.1524,0.0027,-0.0202,0.8192,-0.6459,1131,20241103,3.0537
6,301W12280,KR4301WC2809,P 202512 280.0,3,280.0, ,2001,KOSPI200,P,202512,-0.1868,0.003,-0.0225,0.9334,-0.7979,661,20241103,1.983
6,301W12290,KR4301WC2908,P 202512 290.0,3,290.0, ,2001,KOSPI200,P,202512,-0.2241,0.0034,-0.0245,1.0403,-0.9655,309,20241103,1.0506
6,301W12300,KR4301WC3005,P 202512 300.0,3,300.0, ,2001,KOSPI200,P,202512,-0.2639,0.0037,-0.026,1.1363,-1.1471,3349,20241103,12.391300000000001
6,301W12310,KR4301WC3104,P 202512 310.0,3,310.0, ,2001,KOSPI200,P,202512,-0.3056,0.004,-0.0269,1.2188,-1.3404,3178,20241103,12.712
6,301W12320,KR4301WC3203,P 202512 320.0,3,320.0, ,2001,KOSPI200,P,202512,-0.3485,0.0042,-0.0274,1.2857,-1.5432,2432,20241103,10.2144
6,301W12330,KR4301WC3302,P 202512 330.0,3,330.0, ,2001,KOSPI200,P,202512,-0.392,0.0044,-0.0272,1.3358,-1.7533,2000,20241103,8.8
6,301W12340,KR4301WC3401,P 202512 340.0,1,340.0, ,2001,KOSPI200,P,202512,-0.4356,0.0045,-0.0264,1.3688,-1.9684,1632,20241103,7.343999999999999
6,301W12350,KR4301WC3500,P 202512 350.0,2,350.0, ,2001,KOSPI200,P,202512,-0.4787,0.0045,-0.0251,1.3849,-2.1863,1476,20241103,6.6419999999999995
6,301W12360,KR4301WC3609,P 202512 360.0,2,360.0, ,2001,KOSPI200,P,202512,-0.5208,0.0045,-0.0233,1.3851,-2.4052,358,20241103,1.611
6,301W12370,KR4301WC3708,P 202512 370.0,2,370.0, ,2001,KOSPI200,P,202512,-0.5615,0.0045,-0.021,1.3704,-2.6232,10,20241103,0.045
6,301W12380,KR4301WC3807,P 202512 380.0,2,380.0, ,2001,KOSPI200,P,202512,-0.6005,0.0044,-0.0183,1.3427,-2.839,805,20241103,3.5420000000000003
6,301W12390,KR4301WC3906,P 202512 390.0,2,390.0, ,2001,KOSPI200,P,202512,-0.6376,0.0043,-0.0154,1.3036,-3.0513,252,20241103,1.0836
6,301W12400,KR4301WC4003,P 202512 400.0,2,400.0, ,2001,KOSPI200,P,202512,-0.6725,0.0041,-0.0121,1.2551,-3.2591,518,20241103,2.1238
6,301W12410,KR4301WC4102,P 202512 410.0,2,410.0, ,2001,KOSPI200,P,202512,-0.7052,0.0039,-0.0087,1.1991,-3.4618,3,20241103,0.011699999999999999
6,301W12420,KR4301WC4201,P 202512 420.0,2,420.0, ,2001,KOSPI200,P,202512,-0.7356,0.0037,-0.0051,1.1374,-3.6588,6,20241103,0.0222
6,301W12430,KR4301WC4300,P 202512 430.0,2,430.0, ,2001,KOSPI200,P,202512,-0.7636,0.0035,-0.0015,1.0718,-3.8498,10,20241103,0.035
6,301W12440,KR4301WC4409,P 202512 440.0,2,440.0, ,2001,KOSPI200,P,202512,-0.7894,0.0033,0.0022,1.0037,-4.0347,1,20241103,0.0033
6,301W12450,KR4301WC4508,P 202512 450.0,2,450.0, ,2001,KOSPI200,P,202512,-0.8128,0.0031,0.0059,0.9347,-4.2133,0,20241103,0.0
6,301W12460,KR4301WC4607,P 202512 460.0,2,460.0, ,2001,KOSPI200,P,202512,-0.8342,0.0028,0.0095,0.8658,-4.386,0,20241103,0.0
6,301W12470,KR4301WC4706,P 202512 470.0,2,470.0, ,2001,KOSPI200,P,202512,-0.8535,0.0026,0.013,0.798,-4.5527,16,20241103,0.0416
6,301W12480,KR4301WC4805,P 202512 480.0,2,480.0, ,2001,KOSPI200,P,202512,-0.8708,0.0024,0.0164,0.7322,-4.7139,2,20241103,0.0048
6,301W12490,KR4301WC4904,P 202512 490.0,2,490.0, ,2001,KOSPI200,P,202512,-0.8864,0.0022,0.0196,0.6689,-4.8697,1,20241103,0.0022
6,301W12500,KR4301WC5000,P 202512 500.0,2,500.0, ,2001,KOSPI200,P,202512,-0.9003,0.002,0.0228,0.6087,-5.0206,38,20241103,0.076
6,301W12510,KR4301WC5109,P 202512 510.0,2,510.0, ,2001,KOSPI200,P,202512,-0.9127,0.0018,0.0258,0.5519,-5.1668,7,20241103,0.0126
6,301W12520,KR4301WC5208,P 202512 520.0,2,520.0, ,2001,KOSPI200,P,202512,-0.9237,0.0016,0.0286,0.4987,-5.3087,113,20241103,0.18080000000000002
6,C01606210,KR4C01662108,P 202606 210.0,3,210.0, ,2001,KOSPI200,P,202606,-0.0457,0.0009,-0.0069,0.3952,-0.2744,18,20241103,0.0162
6,C01606220,KR4C01662207,P 202606 220.0,3,220.0, ,2001,KOSPI200,P,202606,-0.0613,0.0012,-0.0086,0.4994,-0.3712,0,20241103,0.0
6,C01606230,KR4C01662306,P 202606 230.0,3,230.0, ,2001,KOSPI200,P,202606,-0.08,0.0014,-0.0104,0.6125,-0.4876,0,20241103,0.0
6,C01606240,KR4C01662405,P 202606 240.0,3,240.0, ,2001,KOSPI200,P,202606,-0.1016,0.0017,-0.0122,0.7314,-0.624,0,20241103,0.0
6,C01606250,KR4C01662504,P 202606 250.0,3,250.0, ,2001,KOSPI200,P,202606,-0.126,0.002,-0.0139,0.8529,-0.7801,0,20241103,0.0
6,C01606260,KR4C01662603,P 202606 260.0,3,260.0, ,2001,KOSPI200,P,202606,-0.153,0.0023,-0.0155,0.9736,-0.9554,1502,20241103,3.4546
6,C01606270,KR4C01662702,P 202606 270.0,3,270.0, ,2001,KOSPI200,P,202606,-0.1825,0.0025,-0.0169,1.0905,-1.1489,1,20241103,0.0025
6,C01606280,KR4C01662801,P 202606 280.0,3,280.0, ,2001,KOSPI200,P,202606,-0.2139,0.0028,-0.0181,1.2006,-1.3589,601,20241103,1.6828
6,C01606290,KR4C01662900,P 202606 290.0,3,290.0, ,2001,KOSPI200,P,202606,-0.2471,0.003,-0.019,1.3014,-1.5839,0,20241103,0.0
6,C01606300,KR4C01663007,P 202606 300.0,3,300.0, ,2001,KOSPI200,P,202606,-0.2816,0.0032,-0.0195,1.391,-1.8219,2104,20241103,6.7328
6,C01606310,KR4C01663106,P 202606 310.0,3,310.0, ,2001,KOSPI200,P,202606,-0.3171,0.0034,-0.0198,1.4679,-2.0708,726,20241103,2.4684
6,C01606320,KR4C01663205,P 202606 320.0,3,320.0, ,2001,KOSPI200,P,202606,-0.3531,0.0036,-0.0197,1.5311,-2.3287,200,20241103,0.72
6,C01606330,KR4C01663304,P 202606 330.0,3,330.0, ,2001,KOSPI200,P,202606,-0.3892,0.0037,-0.0192,1.5801,-2.5935,0,20241103,0.0
6,C01606340,KR4C01663403,P 202606 340.0,1,340.0, ,2001,KOSPI200,P,202606,-0.4253,0.0038,-0.0184,1.615,-2.8634,0,20241103,0.0
6,C01606350,KR4C01663502,P 202606 350.0,2,350.0, ,2001,KOSPI200,P,202606,-0.4609,0.0038,-0.0173,1.636,-3.1365,0,20241103,0.0
6,C01606360,KR4C01663601,P 202606 360.0,2,360.0, ,2001,KOSPI200,P,202606,-0.4959,0.0038,-0.0159,1.6438,-3.4112,0,20241103,0.0
6,C01606370,KR4C01663700,P 202606 370.0,2,370.0, ,2001,KOSPI200,P,202606,-0.5299,0.0038,-0.0142,1.6393,-3.6861,0,20241103,0.0
6,C01606380,KR4C01663809,P 202606 380.0,2,380.0, ,2001,KOSPI200,P,202606,-0.5627,0.0038,-0.0123,1.6235,-3.9599,0,20241103,0.0
6,C01606390,KR4C01663908,P 202606 390.0,2,390.0, ,2001,KOSPI200,P,202606,-0.5944,0.0037,-0.0102,1.5977,-4.2315,0,20241103,0.0
6,C01606400,KR4C01664005,P 202606 400.0,2,400.0, ,2001,KOSPI200,P,202606,-0.6246,0.0036,-0.0079,1.563,-4.5001,0,20241103,0.0
6,C01606410,KR4C01664104,P 202606 410.0,2,410.0, ,2001,KOSPI200,P,202606,-0.6534,0.0035,-0.0054,1.5208,-4.7649,0,20241103,0.0
6,C01606420,KR4C01664203,P 202606 420.0,2,420.0, ,2001,KOSPI200,P,202606,-0.6807,0.0034,-0.0029,1.4723,-5.0253,0,20241103,0.0
6,C01606430,KR4C01664302,P 202606 430.0,2,430.0, ,2001,KOSPI200,P,202606,-0.7064,0.0033,-0.0003,1.4187,-5.2809,0,20241103,0.0
6,C01606440,KR4C01664401,P 202606 440.0,2,440.0, ,2001,KOSPI200,P,202606,-0.7305,0.0032,0.0024,1.3612,-5.5313,0,20241103,0.0
6,C01606450,KR4C01664500,P 202606 450.0,2,450.0, ,2001,KOSPI200,P,202606,-0.7531,0.003,0.0051,1.3007,-5.7765,0,20241103,0.0
6,C01606460,KR4C01664609,P 202606 460.0,2,460.0, ,2001,KOSPI200,P,202606,-0.7742,0.0029,0.0078,1.2383,-6.0163,0,20241103,0.0
6,C01606470,KR4C01664708,P 202606 470.0,2,470.0, ,2001,KOSPI200,P,202606,-0.7938,0.0027,0.0106,1.1748,-6.2507,0,20241103,0.0
6,C01606480,KR4C01664807,P 202606 480.0,2,480.0, ,2001,KOSPI200,P,202606,-0.812,0.0026,0.0133,1.111,-6.4797,0,20241103,0.0
6,C01606490,KR4C01664906,P 202606 490.0,2,490.0, ,2001,KOSPI200,P,202606,-0.8288,0.0024,0.0159,1.0474,-6.7035,0,20241103,0.0
6,C01606500,KR4C01665002,P 202606 500.0,2,500.0, ,2001,KOSPI200,P,202606,-0.8443,0.0023,0.0185,0.9848,-6.9221,0,20241103,0.0
6,C01606510,KR4C01665101,P 202606 510.0,2,510.0, ,2001,KOSPI200,P,202606,-0.8586,0.0021,0.0211,0.9234,-7.1359,0,20241103,0.0
6,C01606520,KR4C01665200,P 202606 520.0,2,520.0, ,2001,KOSPI200,P,202606,-0.8717,0.002,0.0236,0.8638,-7.345,0,20241103,0.0
6,C01612210,KR4C016C2105,P 202612 210.0,3,210.0, ,2001,KOSPI200,P,202612,-0.061,0.001,-0.0072,0.5651,-0.4911,2230,20241103,2.23
6,C01612220,KR4C016C2204,P 202612 220.0,3,220.0, ,2001,KOSPI200,P,202612,-0.0778,0.0012,-0.0085,0.6818,-0.6314,18,20241103,0.021599999999999998
6,C01612230,KR4C016C2303,P 202612 230.0,3,230.0, ,2001,KOSPI200,P,202612,-0.0969,0.0014,-0.0098,0.8037,-0.7932,210,20241103,0.294
6,C01612240,KR4C016C2402,P 202612 240.0,3,240.0, ,2001,KOSPI200,P,202612,-0.1183,0.0017,-0.011,0.9279,-0.9761,302,20241103,0.5134
6,C01612250,KR4C016C2501,P 202612 250.0,3,250.0, ,2001,KOSPI200,P,202612,-0.1417,0.0019,-0.0121,1.0517,-1.1795,472,20241103,0.8968
6,C01612260,KR4C016C2600,P 202612 260.0,3,260.0, ,2001,KOSPI200,P,202612,-0.1671,0.0021,-0.0132,1.1725,-1.4023,6,20241103,0.0126
6,C01612270,KR4C016C2709,P 202612 270.0,3,270.0, ,2001,KOSPI200,P,202612,-0.194,0.0023,-0.014,1.288,-1.643,202,20241103,0.4646
6,C01612280,KR4C016C2808,P 202612 280.0,3,280.0, ,2001,KOSPI200,P,202612,-0.2223,0.0025,-0.0147,1.3959,-1.9001,4319,20241103,10.7975
6,C01612290,KR4C016C2907,P 202612 290.0,3,290.0, ,2001,KOSPI200,P,202612,-0.2518,0.0027,-0.0151,1.4947,-2.1718,914,20241103,2.4678
6,C01612300,KR4C016C3004,P 202612 300.0,3,300.0, ,2001,KOSPI200,P,202612,-0.2821,0.0028,-0.0153,1.5831,-2.4562,2226,20241103,6.2328
6,C01612310,KR4C016C3103,P 202612 310.0,3,310.0, ,2001,KOSPI200,P,202612,-0.313,0.003,-0.0153,1.66,-2.7516,1015,20241103,3.045
6,C01612320,KR4C016C3202,P 202612 320.0,3,320.0, ,2001,KOSPI200,P,202612,-0.3442,0.0031,-0.015,1.7249,-3.056,1802,20241103,5.5862
6,C01612330,KR4C016C3301,P 202612 330.0,3,330.0, ,2001,KOSPI200,P,202612,-0.3755,0.0032,-0.0145,1.7776,-3.3676,4,20241103,0.0128
6,C01612340,KR4C016C3400,P 202612 340.0,1,340.0, ,2001,KOSPI200,P,202612,-0.4066,0.0033,-0.0138,1.818,-3.6849,808,20241103,2.6664
6,C01612350,KR4C016C3509,P 202612 350.0,2,350.0, ,2001,KOSPI200,P,202612,-0.4375,0.0033,-0.0128,1.8464,-4.0061,2211,20241103,7.2963
6,C01612360,KR4C016C3608,P 202612 360.0,2,360.0, ,2001,KOSPI200,P,202612,-0.4678,0.0034,-0.0117,1.8633,-4.3299,2,20241103,0.0068
6,C01612370,KR4C016C3707,P 202612 370.0,2,370.0, ,2001,KOSPI200,P,202612,-0.4975,0.0034,-0.0104,1.8694,-4.655,6,20241103,0.020399999999999998
6,C01612380,KR4C016C3806,P 202612 380.0,2,380.0, ,2001,KOSPI200,P,202612,-0.5265,0.0034,-0.0089,1.8653,-4.9801,2,20241103,0.0068
6,C01612390,KR4C016C3905,P 202612 390.0,2,390.0, ,2001,KOSPI200,P,202612,-0.5545,0.0033,-0.0072,1.852,-5.3044,6,20241103,0.019799999999999998
6,C01612400,KR4C016C4002,P 202612 400.0,2,400.0, ,2001,KOSPI200,P,202612,-0.5816,0.0033,-0.0055,1.8302,-5.6269,1,20241103,0.0033
6,C01612410,KR4C016C4101,P 202612 410.0,2,410.0, ,2001,KOSPI200,P,202612,-0.6076,0.0032,-0.0036,1.801,-5.9468,0,20241103,0.0
6,C01612420,KR4C016C4200,P 202612 420.0,2,420.0, ,2001,KOSPI200,P,202612,-0.6325,0.0032,-0.0016,1.7653,-6.2636,0,20241103,0.0
6,C01612430,KR4C016C4309,P 202612 430.0,2,430.0, ,2001,KOSPI200,P,202612,-0.6564,0.0031,0.0005,1.7239,-6.5768,0,20241103,0.0
6,C01612440,KR4C016C4408,P 202612 440.0,2,440.0, ,2001,KOSPI200,P,202612,-0.6791,0.003,0.0026,1.6778,-6.886,0,20241103,0.0
6,C01612450,KR4C016C4507,P 202612 450.0,2,450.0, ,2001,KOSPI200,P,202612,-0.7006,0.0029,0.0047,1.6277,-7.1908,4,20241103,0.0116
6,C01612460,KR4C016C4606,P 202612 460.0,2,460.0, ,2001,KOSPI200,P,202612,-0.7211,0.0028,0.0069,1.5745,-7.4911,0,20241103,0.0
6,C01612470,KR4C016C4705,P 202612 470.0,2,470.0, ,2001,KOSPI200,P,202612,-0.7404,0.0027,0.0091,1.5188,-7.7868,0,20241103,0.0
6,C01612480,KR4C016C4804,P 202612 480.0,2,480.0, ,2001,KOSPI200,P,202612,-0.7586,0.0026,0.0114,1.4614,-8.0776,13,20241103,0.0338
6,C01612490,KR4C016C4903,P 202612 490.0,2,490.0, ,2001,KOSPI200,P,202612,-0.7757,0.0025,0.0136,1.4027,-8.3637,18,20241103,0.045
6,C01612500,KR4C016C5009,P 202612 500.0,2,500.0, ,2001,KOSPI200,P,202612,-0.7918,0.0024,0.0158,1.3435,-8.6451,46,20241103,0.11039999999999998
6,C01612510,KR4C016C5108,P 202612 510.0,2,510.0, ,2001,KOSPI200,P,202612,-0.8069,0.0023,0.018,1.2841,-8.9217,33,20241103,0.0759
6,C01612520,KR4C016C5207,P 202612 520.0,2,520.0, ,2001,KOSPI200,P,202612,-0.8211,0.0022,0.0201,1.2249,-9.1938,31,20241103,0.06820000000000001
