date,etf_code,etf_name
20260427,451060,1Q 200액티브
20260427,0184E0,1Q 200채권혼합50액티브
20260427,491610,1Q CD금리액티브(합성)
20260427,0182R0,1Q K반도체TOP2+
20260427,0182S0,1Q K반도체TOP2채권혼합50
20260427,0103T0,1Q K소버린AI
20260427,463290,1Q 단기금융채액티브
20260427,0131W0,1Q 단기특수은행채액티브
20260427,479080,1Q 머니마켓액티브
20260427,0026S0,1Q 미국S&P500
20260427,0052S0,1Q 미국S&P500미국채혼합50액티브
20260427,0069M0,1Q 미국나스닥100
20260427,0111P0,1Q 미국나스닥100미국채혼합50액티브
20260427,0083S0,1Q 미국메디컬AI
20260427,0004G0,1Q 미국배당TOP30
20260427,0131V0,1Q 미국우주항공테크
20260427,0094X0,1Q 샤오미밸류체인액티브
20260427,0172V0,1Q 은액티브
20260427,0017Y0,1Q 종합채권(AA-이상)액티브
20260427,0052T0,1Q 중단기회사채(A-이상)액티브
20260427,495330,1Q 코리아밸류업
20260427,492500,1Q 현대차그룹채권(A+이상)&국고통안
20260427,473440,ACE 11월만기자동연장회사채AA-이상액티브
20260427,105190,ACE 200
20260427,332500,ACE 200TR
20260427,461270,ACE 26-06 회사채(AA-이상)액티브
20260427,475260,ACE 2월만기자동연장회사채AA-이상액티브
20260427,385600,ACE 2차전지&친환경차액티브
20260427,475270,ACE 5월만기자동연장회사채AA-이상액티브
20260427,475280,ACE 8월만기자동연장회사채AA-이상액티브
20260427,469150,ACE AI반도체TOP3+
20260427,0079X0,ACE BYD밸류체인액티브
20260427,385590,ACE ESG액티브
20260427,226380,ACE Fn성장소비주도주
20260427,475050,ACE KPOP포커스
20260427,411060,ACE KRX금현물
20260427,0172Y0,ACE K수출핵심TOP10산업액티브
20260427,0177X0,ACE K휴머노이드로봇산업TOP2+
20260427,291130,ACE MSCI멕시코(합성)
20260427,256440,ACE MSCI인도네시아(합성)
20260427,261920,ACE MSCI필리핀(합성)
20260427,0021D0,ACE TDF2030액티브 적격
20260427,0021E0,ACE TDF2050액티브 적격
20260427,0021C0,ACE TDF장기자산배분액티브
20260427,0139P0,ACE 고배당주
20260427,225130,ACE 골드선물 레버리지(합성 H)
20260427,483340,ACE 구글밸류체인액티브
20260427,365780,ACE 국고채10년
20260427,114460,ACE 국고채3년
20260427,494340,ACE 글로벌AI맞춤형반도체
20260427,446770,ACE 글로벌반도체TOP4 Plus
20260427,435040,ACE 글로벌브랜드TOP10
20260427,497510,ACE 글로벌빅파마
20260427,460960,ACE 글로벌인컴TOP10
20260427,414270,ACE 글로벌자율주행액티브
20260427,440640,ACE 단기채권알파액티브
20260427,190620,ACE 단기통안채
20260427,494330,ACE 라이프자산주주가치액티브
20260427,265690,ACE 러시아MSCI(합성)
20260427,152500,ACE 레버리지
20260427,0153P0,ACE 리츠부동산인프라액티브
20260427,483330,ACE 마이크로소프트밸류체인액티브
20260427,487340,ACE 머니마켓액티브
20260427,0085P0,ACE 미국10년국채액티브
20260427,0085N0,ACE 미국10년국채액티브(H)
20260427,452250,ACE 미국30년국채선물레버리지(합성 H)
20260427,476760,ACE 미국30년국채액티브
20260427,453850,ACE 미국30년국채액티브(H)
20260427,476750,ACE 미국30년국채엔화노출액티브(H)
20260427,480030,ACE 미국500데일리타겟커버드콜(합성)
20260427,0118Z0,ACE 미국AI테크핵심산업액티브
20260427,280320,ACE 미국IT인터넷(합성 H)
20260427,360200,ACE 미국S&P500
20260427,438080,ACE 미국S&P500미국채혼합50액티브
20260427,0155M0,ACE 미국SMR원자력TOP10
20260427,309230,ACE 미국WideMoat동일가중
20260427,367380,ACE 미국나스닥100
20260427,438100,ACE 미국나스닥100미국채혼합50액티브
20260427,456880,ACE 미국달러SOFR금리(합성)
20260427,440650,ACE 미국달러단기채권액티브
20260427,0127M0,ACE 미국대형가치주액티브
20260427,0127P0,ACE 미국대형성장주액티브
20260427,480040,ACE 미국반도체데일리타겟커버드콜(합성)
20260427,402970,ACE 미국배당다우존스
20260427,0046Y0,ACE 미국배당퀄리티
20260427,0049M0,ACE 미국배당퀄리티+커버드콜액티브
20260427,0049K0,ACE 미국배당퀄리티채권혼합50
20260427,181480,ACE 미국부동산리츠(합성 H)
20260427,480020,ACE 미국빅테크7+데일리타겟커버드콜(합성)
20260427,465580,ACE 미국빅테크TOP7 Plus
20260427,465610,ACE 미국빅테크TOP7 Plus레버리지(합성)
20260427,465620,ACE 미국빅테크TOP7 Plus인버스(합성)
20260427,0180V0,ACE 미국우주테크액티브
20260427,473590,ACE 미국주식베스트셀러
20260427,0008E0,ACE 미국중심중소형제조업
20260427,391600,ACE 미국친환경그린테마
20260427,455660,ACE 미국하이일드액티브(H)
20260427,245710,ACE 베트남VN30(합성)
20260427,131890,ACE 삼성그룹동일가중
20260427,108450,ACE 삼성그룹섹터가중
20260427,316300,ACE 싱가포르리츠
20260427,277540,ACE 아시아TOP50
20260427,483420,ACE 애플밸류체인액티브
20260427,483320,ACE 엔비디아밸류체인액티브
20260427,448540,ACE 엔비디아채권혼합
20260427,0099L0,ACE 우량회사채(AA-이상)액티브
20260427,433500,ACE 원자력TOP10
20260427,0102X0,ACE 유럽방산TOP10
20260427,487920,ACE 인도시장대표BIG5그룹액티브
20260427,487910,ACE 인도컨슈머파워액티브
20260427,145670,ACE 인버스
20260427,497520,ACE 일라이릴리밸류체인
20260427,238720,ACE 일본Nikkei225(H)
20260427,196030,ACE 일본TOPIX레버리지(H)
20260427,205720,ACE 일본TOPIX인버스(합성 H)
20260427,469160,ACE 일본반도체
20260427,356540,ACE 종합채권(AA-이상)액티브
20260427,447430,ACE 주주환원가치주액티브
20260427,416090,ACE 중국과창판STAR50
20260427,168580,ACE 중국본토CSI300
20260427,219900,ACE 중국본토CSI300레버리지(합성)
20260427,272910,ACE 중장기국공채액티브
20260427,0087F0,ACE 차이나AI빅테크TOP2+액티브
20260427,371870,ACE 차이나항셍테크
20260427,380340,ACE 코리아AI테크핵심산업
20260427,496120,ACE 코리아밸류업
20260427,354500,ACE 코스닥150
20260427,305050,ACE 코스피
20260427,457480,ACE 테슬라밸류체인액티브
20260427,469170,ACE 포스코그룹포커스
20260427,495710,BNK 26-06 특수채(AAA이상)액티브
20260427,466810,BNK 2차전지양극재
20260427,457930,BNK 미래전략기술액티브
20260427,487750,BNK 온디바이스AI
20260427,445690,BNK 주주가치액티브
20260427,0120J0,BNK 카카오그룹포커스
20260427,486240,DAISHIN343 AI반도체&인프라액티브
20260427,434960,DAISHIN343 K200
20260427,0174J0,DAISHIN343 오피스리츠플러스
20260427,0098Z0,FOCUS 200
20260427,0176P0,FOCUS AI반도체위클리고정커버드콜
20260427,448570,FOCUS AI코리아액티브
20260427,285690,FOCUS ESG리더스
20260427,0073X0,FOCUS 알리바바미국채커버드콜혼합
20260427,293180,HANARO 200
20260427,407310,HANARO 200 TOP10
20260427,332930,HANARO 200TR
20260427,304780,HANARO 200선물레버리지
20260427,306520,HANARO 200선물인버스
20260427,0123S0,HANARO 26-12 은행채(AA+이상)액티브
20260427,0091M0,HANARO 27-06 회사채(AA-이상)액티브
20260427,448490,HANARO 32-10 국고채액티브
20260427,454320,HANARO CAPEX설비투자iSelect
20260427,395290,HANARO Fn K-POP&미디어
20260427,395280,HANARO Fn K-게임
20260427,368190,HANARO Fn K-뉴딜디지털플러스
20260427,402460,HANARO Fn K-메타버스MZ
20260427,395270,HANARO Fn K-반도체
20260427,438900,HANARO Fn K-푸드
20260427,367740,HANARO Fn5G산업
20260427,407300,HANARO Fn골프테마
20260427,381560,HANARO Fn전기&수소차
20260427,441540,HANARO Fn조선해운
20260427,381570,HANARO Fn친환경에너지
20260427,479850,HANARO K-뷰티
20260427,453060,HANARO KOFR금리액티브(합성)
20260427,304760,HANARO KRX300
20260427,322410,HANARO K고배당
20260427,0155N0,HANARO K휴머노이드테마TOP10
20260427,332940,HANARO MSCI Korea TR
20260427,322400,HANARO e커머스
20260427,473640,HANARO 글로벌금채굴기업
20260427,354350,HANARO 글로벌럭셔리S&P(합성)
20260427,461340,HANARO 글로벌생성형AI액티브
20260427,424460,HANARO 글로벌워터MSCI(합성)
20260427,401590,HANARO 글로벌탄소배출권선물ICE(합성)
20260427,0040S0,HANARO 글로벌피지컬AI액티브
20260427,314700,HANARO 농업융복합산업
20260427,486830,HANARO 머니마켓액티브
20260427,432840,HANARO 미국S&P500
20260427,498050,HANARO 바이오코리아액티브
20260427,476260,HANARO 반도체핵심공정주도주
20260427,434730,HANARO 원자력iSelect
20260427,0082F0,HANARO 유럽방산
20260427,491820,HANARO 전력설비투자
20260427,461500,HANARO 종합채권(AA-이상)액티브
20260427,0111J0,HANARO 증권고배당TOP3플러스
20260427,495750,HANARO 코리아밸류업
20260427,304770,HANARO 코스닥150
20260427,306530,HANARO 코스닥150선물레버리지
20260427,375760,HANARO 탄소효율그린뉴딜
20260427,491700,HK 200
20260427,0000Y0,HK 26-12 회사채(AA-이상)액티브
20260427,215620,HK S&P코리아로우볼
20260427,0113P0,HK 머니마켓액티브
20260427,391670,HK 베스트일레븐액티브
20260427,472920,HK 종합채권(AA-이상)액티브
20260427,472840,ITF 200
20260427,0005G0,ITF K-AI반도체코어테크
20260427,0135Y0,ITF 중기종합채권(AA-이상)액티브
20260427,483570,KCGI 미국S&P500 TOP10
20260427,069660,KIWOOM 200
20260427,294400,KIWOOM 200TR
20260427,253250,KIWOOM 200선물레버리지
20260427,253240,KIWOOM 200선물인버스
20260427,253230,KIWOOM 200선물인버스2X
20260427,464240,KIWOOM 26-09회사채(AA-이상)액티브
20260427,458210,KIWOOM CD금리액티브(합성)
20260427,488200,KIWOOM K-2차전지북미공급망
20260427,488210,KIWOOM K-반도체북미공급망
20260427,469790,KIWOOM K-테크TOP10
20260427,100910,KIWOOM KRX100
20260427,435530,KIWOOM TDF2030액티브 적격
20260427,435540,KIWOOM TDF2040액티브 적격
20260427,435550,KIWOOM TDF2050액티브 적격
20260427,104530,KIWOOM 고배당
20260427,148070,KIWOOM 국고채10년
20260427,167860,KIWOOM 국고채10년레버리지
20260427,471460,KIWOOM 국고채30년액티브
20260427,114470,KIWOOM 국고채3년
20260427,473490,KIWOOM 글로벌AI반도체
20260427,489860,KIWOOM 글로벌전력GRID인프라
20260427,130730,KIWOOM 단기자금
20260427,419890,KIWOOM 단기채권ESG액티브
20260427,411860,KIWOOM 독일DAX
20260427,476450,KIWOOM 머니마켓액티브
20260427,430500,KIWOOM 물가채KIS
20260427,449770,KIWOOM 미국S&P500
20260427,0127V0,KIWOOM 미국S&P500 TOP10&배당다우비중전환
20260427,0137W0,KIWOOM 미국S&P500&GOLD
20260427,0127T0,KIWOOM 미국S&P500&배당다우존스비중전환
20260427,449780,KIWOOM 미국S&P500(H)
20260427,0137V0,KIWOOM 미국S&P500모멘텀
20260427,0107F0,KIWOOM 미국고배당&AI테크
20260427,453080,KIWOOM 미국나스닥100(H)
20260427,460270,KIWOOM 미국달러SOFR금리액티브(합성)
20260427,138230,KIWOOM 미국달러선물
20260427,225800,KIWOOM 미국달러선물레버리지
20260427,139660,KIWOOM 미국달러선물인버스
20260427,230480,KIWOOM 미국달러선물인버스2X
20260427,0084E0,KIWOOM 미국대형주500월간목표헤지액티브
20260427,373790,KIWOOM 미국방어배당성장나스닥
20260427,483030,KIWOOM 미국블록버스터바이오테크의약품+
20260427,459790,KIWOOM 미국성장기업30액티브
20260427,0174R0,KIWOOM 미국성장다우존스
20260427,498270,KIWOOM 미국양자컴퓨팅
20260427,474800,KIWOOM 미국원유에너지기업
20260427,0084D0,KIWOOM 미국테크100월간목표헤지액티브
20260427,104520,KIWOOM 블루칩
20260427,0183V0,KIWOOM 삼성전자&SK하이닉스채권혼합50
20260427,0015E0,KIWOOM 엔비디아미국30년국채혼합액티브(H)
20260427,483020,KIWOOM 의료AI
20260427,200250,KIWOOM 인도Nifty50(합성)
20260427,454780,KIWOOM 종합채권(AA-이상)액티브
20260427,454180,KIWOOM 차이나내수소비TOP CSI
20260427,496090,KIWOOM 코리아밸류업
20260427,316670,KIWOOM 코스닥150
20260427,291630,KIWOOM 코스닥150선물레버리지
20260427,291620,KIWOOM 코스닥150선물인버스
20260427,153270,KIWOOM 코스피100
20260427,122260,KIWOOM 통안채1년
20260427,0015F0,KIWOOM 팔란티어미국30년국채혼합액티브(H)
20260427,0097L0,KIWOOM 한국고배당&미국AI테크
20260427,069500,KODEX 200
20260427,226980,KODEX 200 중소형
20260427,337160,KODEX 200ESG
20260427,363580,KODEX 200IT TR
20260427,278530,KODEX 200TR
20260427,337150,KODEX 200exTOP
20260427,223190,KODEX 200가치저변동
20260427,252650,KODEX 200동일가중
20260427,360140,KODEX 200롱코스닥150숏선물
20260427,284430,KODEX 200미국채혼합
20260427,252670,KODEX 200선물인버스2X
20260427,494890,KODEX 200액티브
20260427,498400,KODEX 200타겟위클리커버드콜
20260427,0117L0,KODEX 26-12 금융채(AA-이상)액티브
20260427,473290,KODEX 26-12 회사채(AA-이상)액티브
20260427,0007F0,KODEX 27-12 회사채(AA-이상)액티브
20260427,0119H0,KODEX 28-12 회사채(AA-이상)액티브
20260427,305720,KODEX 2차전지산업
20260427,462330,KODEX 2차전지산업레버리지
20260427,461950,KODEX 2차전지핵심소재10
20260427,457690,KODEX 33-06 국고채액티브
20260427,271060,KODEX 3대농산물선물(H)
20260427,457700,KODEX 53-09 국고채액티브
20260427,395160,KODEX AI반도체
20260427,471990,KODEX AI반도체핵심장비
20260427,487240,KODEX AI전력핵심설비
20260427,481050,KODEX CD1년금리플러스액티브(합성)
20260427,459580,KODEX CD금리액티브(합성)
20260427,439860,KODEX ESG종합채권(A-이상)액티브
20260427,266370,KODEX IT
20260427,368680,KODEX K-뉴딜디지털플러스
20260427,423160,KODEX KOFR금리액티브(합성)
20260427,292190,KODEX KRX300
20260427,306950,KODEX KRX300레버리지
20260427,229720,KODEX KTOP30
20260427,266360,KODEX K콘텐츠
20260427,291890,KODEX MSCI EM선물(H)
20260427,289040,KODEX MSCI KOREA ESG유니버설
20260427,156080,KODEX MSCI Korea
20260427,278540,KODEX MSCI Korea TR
20260427,251350,KODEX MSCI선진국
20260427,269420,KODEX S&P글로벌인프라(합성)
20260427,433970,KODEX TDF2030액티브 적격
20260427,433980,KODEX TDF2040액티브 적격
20260427,434060,KODEX TDF2050액티브 적격
20260427,0082V0,KODEX TDF2060액티브 적격
20260427,329650,KODEX TRF3070
20260427,329660,KODEX TRF5050
20260427,329670,KODEX TRF7030
20260427,395170,KODEX Top10동일가중
20260427,315930,KODEX Top5PlusTR
20260427,261220,KODEX WTI원유선물(H)
20260427,271050,KODEX WTI원유선물인버스(H)
20260427,468370,KODEX iShares미국인플레이션국채액티브
20260427,468630,KODEX iShares미국투자등급회사채액티브
20260427,468380,KODEX iShares미국하이일드액티브
20260427,275290,KODEX 가치주
20260427,117700,KODEX 건설
20260427,300950,KODEX 게임산업
20260427,266390,KODEX 경기소비재
20260427,279530,KODEX 고배당주
20260427,132030,KODEX 골드선물(H)
20260427,280940,KODEX 골드선물인버스(H)
20260427,138910,KODEX 구리선물(H)
20260427,471230,KODEX 국고채10년액티브
20260427,439870,KODEX 국고채30년액티브
20260427,114260,KODEX 국고채3년
20260427,152380,KODEX 국채선물10년
20260427,176950,KODEX 국채선물10년인버스
20260427,292770,KODEX 국채선물3년인버스
20260427,276990,KODEX 글로벌로봇(합성)
20260427,476070,KODEX 글로벌비만치료제TOP2 Plus
20260427,0064K0,KODEX 금액티브
20260427,0089D0,KODEX 금융고배당TOP10
20260427,498410,KODEX 금융고배당TOP10타겟위클리커버드콜
20260427,0162M0,KODEX 금융채1~2년(AA-이상)PLUS액티브
20260427,102960,KODEX 기계장비
20260427,404260,KODEX 기후변화솔루션
20260427,273140,KODEX 단기변동금리부채권액티브
20260427,153130,KODEX 단기채권
20260427,214980,KODEX 단기채권PLUS
20260427,487950,KODEX 대만테크고배당다우존스
20260427,122630,KODEX 레버리지
20260427,445290,KODEX 로봇액티브
20260427,488770,KODEX 머니마켓액티브
20260427,321410,KODEX 멀티에셋하이인컴(H)
20260427,337120,KODEX 멀티팩터
20260427,401470,KODEX 메타버스액티브
20260427,244620,KODEX 모멘텀Plus
20260427,275280,KODEX 모멘텀주
20260427,308620,KODEX 미국10년국채선물
20260427,0091C0,KODEX 미국10년국채액티브(H)
20260427,484790,KODEX 미국30년국채액티브(H)
20260427,304660,KODEX 미국30년국채울트라선물(H)
20260427,304670,KODEX 미국30년국채울트라선물인버스(H)
20260427,481060,KODEX 미국30년국채타겟커버드콜(합성 H)
20260427,0173Y0,KODEX 미국AI광통신네트워크
20260427,0151S0,KODEX 미국AI반도체TOP3플러스
20260427,0041D0,KODEX 미국AI소프트웨어TOP10
20260427,487230,KODEX 미국AI전력핵심인프라
20260427,485540,KODEX 미국AI테크TOP10
20260427,483280,KODEX 미국AI테크TOP10타겟커버드콜
20260427,428560,KODEX 미국ETF산업Top10 Indxx
20260427,379800,KODEX 미국S&P500
20260427,449180,KODEX 미국S&P500(H)
20260427,453660,KODEX 미국S&P500경기소비재
20260427,453650,KODEX 미국S&P500금융
20260427,0005A0,KODEX 미국S&P500데일리커버드콜OTM
20260427,276970,KODEX 미국S&P500배당귀족커버드콜(합성 H)
20260427,0026E0,KODEX 미국S&P500버퍼3월액티브
20260427,0068M0,KODEX 미국S&P500버퍼6월액티브
20260427,0089C0,KODEX 미국S&P500변동성확대시커버드콜
20260427,200030,KODEX 미국S&P500산업재(합성)
20260427,219480,KODEX 미국S&P500선물(H)
20260427,0041E0,KODEX 미국S&P500액티브
20260427,218420,KODEX 미국S&P500에너지(합성)
20260427,463640,KODEX 미국S&P500유틸리티
20260427,463690,KODEX 미국S&P500커뮤니케이션
20260427,463680,KODEX 미국S&P500테크놀로지
20260427,453630,KODEX 미국S&P500필수소비재
20260427,453640,KODEX 미국S&P500헬스케어
20260427,185680,KODEX 미국S&P바이오(합성)
20260427,0028X0,KODEX 미국금융테크액티브
20260427,379810,KODEX 미국나스닥100
20260427,449190,KODEX 미국나스닥100(H)
20260427,494300,KODEX 미국나스닥100데일리커버드콜OTM
20260427,409820,KODEX 미국나스닥100레버리지(합성 H)
20260427,304940,KODEX 미국나스닥100선물(H)
20260427,409810,KODEX 미국나스닥100선물인버스(H)
20260427,411420,KODEX 미국나스닥AI테크액티브
20260427,455030,KODEX 미국달러SOFR금리액티브(합성)
20260427,261240,KODEX 미국달러선물
20260427,261250,KODEX 미국달러선물레버리지
20260427,261270,KODEX 미국달러선물인버스
20260427,261260,KODEX 미국달러선물인버스2X
20260427,0144M0,KODEX 미국드론UAM TOP10
20260427,280930,KODEX 미국러셀2000(H)
20260427,0048J0,KODEX 미국머니마켓액티브
20260427,390390,KODEX 미국반도체
20260427,489250,KODEX 미국배당다우존스
20260427,483290,KODEX 미국배당다우존스타겟커버드콜
20260427,441640,KODEX 미국배당커버드콜액티브
20260427,352560,KODEX 미국부동산리츠(H)
20260427,314250,KODEX 미국빅테크10(H)
20260427,473460,KODEX 미국서학개미
20260427,0144L0,KODEX 미국성장커버드콜액티브
20260427,390400,KODEX 미국스마트모빌리티S&P
20260427,0167Z0,KODEX 미국우주항공
20260427,0132H0,KODEX 미국원자력SMR
20260427,437080,KODEX 미국종합채권ESG액티브(H)
20260427,419420,KODEX 미국클린에너지나스닥
20260427,491090,KODEX 미국테크TOP3플러스
20260427,0038A0,KODEX 미국휴머노이드로봇
20260427,244580,KODEX 바이오
20260427,091160,KODEX 반도체
20260427,494310,KODEX 반도체레버리지
20260427,0080G0,KODEX 방산TOP10
20260427,0100K0,KODEX 방산TOP10레버리지
20260427,325020,KODEX 배당가치
20260427,244670,KODEX 밸류Plus
20260427,140700,KODEX 보험
20260427,102780,KODEX 삼성그룹
20260427,213610,KODEX 삼성그룹밸류
20260427,0177N0,KODEX 삼성전자SK하이닉스채권혼합50
20260427,448330,KODEX 삼성전자채권혼합
20260427,325010,KODEX 성장주
20260427,385510,KODEX 신재생에너지액티브
20260427,446690,KODEX 아시아AI반도체exChina액티브
20260427,437070,KODEX 아시아달러채권ESG플러스액티브
20260427,117460,KODEX 에너지화학
20260427,275300,KODEX 우량주
20260427,140710,KODEX 운송
20260427,0098F0,KODEX 원자력SMR
20260427,395150,KODEX 웹툰&드라마
20260427,456250,KODEX 유럽명품TOP10 STOXX
20260427,400570,KODEX 유럽탄소배출권선물ICE(H)
20260427,144600,KODEX 은선물(H)
20260427,091170,KODEX 은행
20260427,453810,KODEX 인도Nifty50
20260427,453820,KODEX 인도Nifty50레버리지(합성)
20260427,0000H0,KODEX 인도Nifty미드캡100
20260427,477730,KODEX 인도타타그룹
20260427,114800,KODEX 인버스
20260427,101280,KODEX 일본TOPIX100
20260427,352540,KODEX 일본부동산리츠(H)
20260427,091180,KODEX 자동차
20260427,385520,KODEX 자율주행액티브
20260427,363570,KODEX 장기종합채권(AA-이상)액티브
20260427,0115D0,KODEX 조선TOP10
20260427,273130,KODEX 종합채권(AA-이상)액티브
20260427,0153K0,KODEX 주주환원고배당주
20260427,102970,KODEX 증권
20260427,419430,KODEX 차이나2차전지MSCI(합성)
20260427,169950,KODEX 차이나A50
20260427,0162L0,KODEX 차이나AI반도체TOP10
20260427,428510,KODEX 차이나AI테크액티브
20260427,283580,KODEX 차이나CSI300
20260427,099140,KODEX 차이나H
20260427,204450,KODEX 차이나H레버리지(H)
20260427,415340,KODEX 차이나과창판STAR50(합성)
20260427,256750,KODEX 차이나심천ChiNext(합성)
20260427,0065G0,KODEX 차이나테크TOP10
20260427,372330,KODEX 차이나항셍테크
20260427,0048K0,KODEX 차이나휴머노이드로봇
20260427,117680,KODEX 철강
20260427,279540,KODEX 최소변동성
20260427,445150,KODEX 친환경조선해운액티브
20260427,211900,KODEX 코리아배당성장
20260427,237370,KODEX 코리아배당성장채권혼합
20260427,495850,KODEX 코리아밸류업
20260427,0115E0,KODEX 코리아소버린AI
20260427,373490,KODEX 코리아혁신성장액티브
20260427,229200,KODEX 코스닥150
20260427,233740,KODEX 코스닥150레버리지
20260427,360150,KODEX 코스닥150롱코스피200숏선물
20260427,251340,KODEX 코스닥150선물인버스
20260427,461450,KODEX 코스닥글로벌
20260427,226490,KODEX 코스피
20260427,237350,KODEX 코스피100
20260427,359210,KODEX 코스피TR
20260427,337140,KODEX 코스피대형주
20260427,138920,KODEX 콩선물(H)
20260427,244660,KODEX 퀄리티Plus
20260427,375770,KODEX 탄소효율그린뉴딜
20260427,459560,KODEX 테슬라밸류체인FactSet
20260427,475080,KODEX 테슬라커버드콜채권혼합액티브
20260427,266410,KODEX 필수소비재
20260427,298770,KODEX 한국대만IT프리미어
20260427,476800,KODEX 한국부동산리츠인프라
20260427,450190,KODEX 한중반도체(합성)
20260427,450180,KODEX 한중전기차(합성)
20260427,266420,KODEX 헬스케어
20260427,364690,KODEX 혁신기술테마액티브
20260427,487130,KoAct AI인프라액티브
20260427,0074K0,KoAct K수출핵심기업TOP30액티브
20260427,471040,KoAct 글로벌AI&로봇액티브
20260427,0174B0,KoAct 글로벌AI메모리반도체액티브
20260427,0132D0,KoAct 글로벌K컬처밸류체인액티브
20260427,0020H0,KoAct 글로벌양자컴퓨팅액티브
20260427,475070,KoAct 글로벌친환경전력인프라액티브
20260427,0015B0,KoAct 미국나스닥성장기업액티브
20260427,0104H0,KoAct 미국나스닥채권혼합50액티브
20260427,0113G0,KoAct 미국바이오헬스케어액티브
20260427,497780,KoAct 미국천연가스인프라액티브
20260427,490330,KoAct 미국치매&뇌질환치료제액티브
20260427,462900,KoAct 바이오헬스케어액티브
20260427,482030,KoAct 반도체&2차전지핵심소재액티브
20260427,476850,KoAct 배당성장액티브
20260427,0051A0,KoAct 브로드컴밸류체인액티브
20260427,0150K0,KoAct 수소전력ESS인프라액티브
20260427,0154H0,KoAct 차이나바이오헬스케어액티브
20260427,495230,KoAct 코리아밸류업액티브
20260427,0163Y0,KoAct 코스닥액티브
20260427,0093D0,KoAct 팔란티어밸류체인액티브
20260427,488290,MIDAS 일본테크액티브
20260427,438740,MIDAS 중소형액티브
20260427,403790,MIDAS 코스피액티브
20260427,152100,PLUS 200
20260427,491220,PLUS 200TR
20260427,253150,PLUS 200선물레버리지
20260427,253160,PLUS 200선물인버스2X
20260427,395750,PLUS ESG가치주액티브
20260427,395760,PLUS ESG성장주액티브
20260427,453010,PLUS KOFR금리
20260427,429740,PLUS K리츠
20260427,449450,PLUS K방산
20260427,0104G0,PLUS K방산레버리지
20260427,0090B0,PLUS K방산소부장
20260427,0166S0,PLUS K제조업핵심기업액티브
20260427,269530,PLUS S&P글로벌인프라
20260427,433880,PLUS TDF2060액티브 적격
20260427,251590,PLUS 고배당저변동50
20260427,161510,PLUS 고배당주
20260427,0018C0,PLUS 고배당주위클리고정커버드콜
20260427,489030,PLUS 고배당주위클리커버드콜
20260427,251600,PLUS 고배당주채권혼합
20260427,461460,PLUS 국고채10년액티브
20260427,451600,PLUS 국고채30년액티브
20260427,491230,PLUS 국공채머니마켓액티브
20260427,289670,PLUS 국채선물10년
20260427,298340,PLUS 국채선물3년
20260427,489010,PLUS 글로벌AI인프라
20260427,442580,PLUS 글로벌HBM반도체
20260427,189400,PLUS 글로벌MSCI(합성 H)
20260427,496770,PLUS 글로벌방산
20260427,419650,PLUS 글로벌수소&차세대연료전지
20260427,0007G0,PLUS 글로벌원자력밸류체인
20260427,0166T0,PLUS 글로벌저작권핵심기업액티브
20260427,0035T0,PLUS 글로벌휴머노이드로봇액티브
20260427,415920,PLUS 글로벌희토류&전략자원생산기업
20260427,0138Y0,PLUS 금채권혼합
20260427,278620,PLUS 단기채권액티브
20260427,477050,PLUS 머니마켓액티브
20260427,0050E0,PLUS 미국AI에이전트
20260427,429760,PLUS 미국S&P500
20260427,269540,PLUS 미국S&P500(H)
20260427,0057H0,PLUS 미국S&P500미국채혼합50액티브
20260427,494410,PLUS 미국S&P500성장주
20260427,0153X0,PLUS 미국고배당주액티브
20260427,0089B0,PLUS 미국나스닥100미국채혼합50
20260427,287180,PLUS 미국나스닥테크
20260427,213630,PLUS 미국다우존스고배당주(합성 H)
20260427,332610,PLUS 미국단기회사채(AAA~A)
20260427,456200,PLUS 미국달러SOFR금리액티브(합성)
20260427,0078V0,PLUS 미국로보택시
20260427,494420,PLUS 미국배당증가성장주데일리커버드콜
20260427,0023B0,PLUS 미국양자컴퓨팅TOP10
20260427,332620,PLUS 미국장기우량회사채
20260427,464470,PLUS 미국채30년액티브
20260427,461900,PLUS 미국테크TOP10
20260427,461910,PLUS 미국테크TOP10레버리지(합성)
20260427,195970,PLUS 선진국MSCI(합성 H)
20260427,238670,PLUS 스마트베타Quality채권혼합
20260427,195980,PLUS 신흥국MSCI(합성 H)
20260427,256450,PLUS 심천차이넥스트(합성)
20260427,447660,PLUS 애플채권혼합
20260427,239660,PLUS 우량회사채50
20260427,421320,PLUS 우주항공&UAM
20260427,464920,PLUS 일본반도체소부장
20260427,489000,PLUS 일본엔화초단기국채(합성)
20260427,0098N0,PLUS 자사주매입고배당주
20260427,451000,PLUS 종합채권(AA-이상)액티브
20260427,280920,PLUS 주도업종
20260427,266550,PLUS 중형주저변동50
20260427,0047N0,PLUS 차이나AI테크TOP10
20260427,0128D0,PLUS 차이나항셍테크위클리타겟커버드콜
20260427,495040,PLUS 코리아밸류업
20260427,301400,PLUS 코스닥150
20260427,301410,PLUS 코스닥150선물인버스
20260427,0166N0,PLUS 코스닥150액티브
20260427,227830,PLUS 코스피
20260427,122090,PLUS 코스피50
20260427,328370,PLUS 코스피TR
20260427,457990,PLUS 태양광&ESS
20260427,0132K0,PLUS 테슬라위클리커버드콜채권혼합
20260427,0000J0,PLUS 한화그룹주
20260427,148020,RISE 200
20260427,361580,RISE 200TR
20260427,290080,RISE 200고배당커버드콜ATM
20260427,284980,RISE 200금융
20260427,252400,RISE 200선물레버리지
20260427,252410,RISE 200선물인버스
20260427,252420,RISE 200선물인버스2X
20260427,475720,RISE 200위클리커버드콜
20260427,0122W0,RISE 26-11 회사채(AA-이상)액티브
20260427,465330,RISE 2차전지TOP10
20260427,465350,RISE 2차전지TOP10인버스(합성)
20260427,422420,RISE 2차전지액티브
20260427,105780,RISE 5대그룹주
20260427,469070,RISE AI&로봇
20260427,0093A0,RISE AI반도체TOP10
20260427,0101N0,RISE AI전력인프라
20260427,427120,RISE AI플랫폼
20260427,477080,RISE CD금리액티브(합성)
20260427,290130,RISE ESG사회책임투자
20260427,326240,RISE IT플러스
20260427,385560,RISE KIS국고채30년Enhanced
20260427,479520,RISE KOFR금리액티브(합성)
20260427,270800,RISE KQ고배당
20260427,292050,RISE KRX300
20260427,388280,RISE K엔터&여행레저
20260427,442550,RISE TDF2030액티브 적격
20260427,442560,RISE TDF2040액티브 적격
20260427,442570,RISE TDF2050액티브 적격
20260427,234310,RISE V&S셀렉트밸류
20260427,241390,RISE V&S셀렉트밸류채권혼합
20260427,300640,RISE 게임테마
20260427,266160,RISE 고배당
20260427,481430,RISE 국고채10년액티브
20260427,114100,RISE 국고채3년
20260427,282000,RISE 국고채3년선물인버스
20260427,451670,RISE 국채30년레버리지(합성)
20260427,295000,RISE 국채선물10년
20260427,295020,RISE 국채선물10년인버스
20260427,432600,RISE 국채선물3년
20260427,397420,RISE 국채선물5년추종
20260427,0114X0,RISE 글로벌게임테크TOP3Plus
20260427,437370,RISE 글로벌농업경제
20260427,375270,RISE 글로벌데이터센터리츠(합성)
20260427,475380,RISE 글로벌리얼티인컴
20260427,476310,RISE 글로벌비만산업TOP2+
20260427,417450,RISE 글로벌수소경제
20260427,442320,RISE 글로벌원자력
20260427,461490,RISE 글로벌자산배분액티브
20260427,459750,RISE 글로벌주식분산액티브
20260427,399580,RISE 글로벌클린에너지
20260427,276650,RISE 글로벌테크놀로지(합성 H)
20260427,336160,RISE 금융채액티브
20260427,326230,RISE 내수주플러스
20260427,367760,RISE 네트워크인프라
20260427,272560,RISE 단기국공채액티브
20260427,385550,RISE 단기채권알파액티브
20260427,196230,RISE 단기통안채
20260427,0061Z0,RISE 단기특수은행채액티브
20260427,315960,RISE 대형고배당10TR
20260427,0138D0,RISE 동학개미
20260427,455890,RISE 머니마켓액티브
20260427,401170,RISE 메타버스
20260427,481340,RISE 미국30년국채액티브
20260427,472870,RISE 미국30년국채엔화노출(합성 H)
20260427,472830,RISE 미국30년국채커버드콜(합성)
20260427,485690,RISE 미국AI밸류체인TOP3Plus
20260427,490590,RISE 미국AI밸류체인데일리고정커버드콜
20260427,0176E0,RISE 미국AI전력인프라액티브
20260427,0127R0,RISE 미국AI클라우드인프라
20260427,495940,RISE 미국AI테크액티브
20260427,379780,RISE 미국S&P500
20260427,453330,RISE 미국S&P500(H)
20260427,0138T0,RISE 미국S&P500데일리고정커버드콜
20260427,0005C0,RISE 미국S&P500엔화노출(합성 H)
20260427,460660,RISE 미국S&P배당킹
20260427,219390,RISE 미국S&P원유생산기업(합성 H)
20260427,0115C0,RISE 미국고배당다우존스TOP10
20260427,354240,RISE 미국고정배당우선증권
20260427,368590,RISE 미국나스닥100
20260427,437350,RISE 미국단기투자등급회사채액티브
20260427,455960,RISE 미국달러SOFR금리액티브(합성)
20260427,469530,RISE 미국달러선물인버스
20260427,469060,RISE 미국반도체NYSE
20260427,469050,RISE 미국반도체NYSE(H)
20260427,491630,RISE 미국반도체인버스(합성 H)
20260427,490600,RISE 미국배당100데일리고정커버드콜
20260427,0018Z0,RISE 미국양자컴퓨팅
20260427,0013P0,RISE 미국은행TOP10
20260427,267440,RISE 미국장기국채선물(H)
20260427,267490,RISE 미국장기국채선물레버리지(합성 H)
20260427,267450,RISE 미국장기국채선물인버스(H)
20260427,0036Z0,RISE 미국천연가스밸류체인
20260427,491620,RISE 미국테크100데일리고정커버드콜
20260427,0036R0,RISE 미국휴머노이드로봇
20260427,0000Z0,RISE 바이오TOP10액티브
20260427,446700,RISE 배터리 리사이클링
20260427,475350,RISE 버크셔포트폴리오TOP10
20260427,388420,RISE 비메모리반도체액티브
20260427,448630,RISE 삼성그룹Top3채권혼합
20260427,0162Z0,RISE 삼성전자SK하이닉스채권혼합50
20260427,367770,RISE 수소경제테마
20260427,140570,RISE 수출주
20260427,0093B0,RISE 엔비디아고정테크100
20260427,140580,RISE 우량업종대표주
20260427,379790,RISE 유로스탁스50(H)
20260427,498610,RISE 인도디지털성장
20260427,488480,RISE 일본섹터TOP4Plus
20260427,385540,RISE 종합채권(A-이상)액티브
20260427,183710,RISE 주식혼합
20260427,310080,RISE 중국MSCI China(H)
20260427,463300,RISE 중국본토CSI300
20260427,174360,RISE 중국본토대형주CSI100
20260427,136340,RISE 중기우량회사채
20260427,281990,RISE 중소형고배당
20260427,272570,RISE 중장기국공채액티브
20260427,0164G0,RISE 차이나AI반도체TOP4Plus
20260427,250730,RISE 차이나HSCEI(H)
20260427,291680,RISE 차이나H선물인버스(H)
20260427,0094L0,RISE 차이나테크TOP10위클리타겟커버드콜
20260427,371150,RISE 차이나항셍테크
20260427,183700,RISE 채권혼합
20260427,498860,RISE 코리아금융고배당
20260427,495050,RISE 코리아밸류업
20260427,0094M0,RISE 코리아밸류업위클리고정커버드콜
20260427,0151P0,RISE 코리아전략산업액티브
20260427,270810,RISE 코스닥150
20260427,278240,RISE 코스닥150선물레버리지
20260427,275750,RISE 코스닥150선물인버스
20260427,302450,RISE 코스피
20260427,0047P0,RISE 테슬라고정테크100
20260427,0013R0,RISE 테슬라미국채타겟커버드콜혼합(합성)
20260427,449580,RISE 테슬라애플아마존채권혼합
20260427,334690,RISE 팔라듐선물(H)
20260427,334700,RISE 팔라듐선물인버스(H)
20260427,0047R0,RISE 팔란티어고정테크100
20260427,253280,RISE 헬스케어
20260427,253290,RISE 헬스케어채권혼합
20260427,411540,SOL 200 Top10
20260427,295040,SOL 200TR
20260427,0167B0,SOL 200타겟위클리커버드콜
20260427,488980,SOL 26-12 회사채(AA-이상)액티브
20260427,0092C0,SOL 27-12 회사채(AA-이상)액티브
20260427,455860,SOL 2차전지소부장Fn
20260427,0167A0,SOL AI반도체TOP2플러스
20260427,455850,SOL AI반도체소부장
20260427,497880,SOL CD금리&머니마켓액티브
20260427,363510,SOL KIS단기통안채
20260427,292500,SOL KRX300
20260427,404650,SOL KRX기후변화솔루션
20260427,490480,SOL K방산
20260427,438570,SOL 국고채10년
20260427,474390,SOL 국고채30년액티브
20260427,438560,SOL 국고채3년
20260427,0066W0,SOL 국제금
20260427,0022T0,SOL 국제금커버드콜액티브
20260427,423170,SOL 글로벌AI반도체탑픽액티브
20260427,400590,SOL 글로벌탄소배출권선물ICE(합성)
20260427,484880,SOL 금융지주플러스고배당
20260427,484890,SOL 머니마켓액티브
20260427,461600,SOL 미국30년국채액티브(H)
20260427,473330,SOL 미국30년국채커버드콜(합성)
20260427,494210,SOL 미국500타겟데일리커버드콜액티브
20260427,479620,SOL 미국AI반도체칩메이커
20260427,481180,SOL 미국AI소프트웨어
20260427,486450,SOL 미국AI전력인프라
20260427,433330,SOL 미국S&P500
20260427,399110,SOL 미국S&P500ESG
20260427,0080X0,SOL 미국S&P500미국채혼합50
20260427,499150,SOL 미국S&P500엔화노출(H)
20260427,447620,SOL 미국TOP5채권혼합50
20260427,476030,SOL 미국나스닥100
20260427,0118S0,SOL 미국넥스트테크TOP10액티브
20260427,446720,SOL 미국배당다우존스
20260427,452360,SOL 미국배당다우존스(H)
20260427,493420,SOL 미국배당다우존스2호
20260427,490490,SOL 미국배당미국채혼합50
20260427,0023A0,SOL 미국양자컴퓨팅TOP10
20260427,0181L0,SOL 미국우주항공TOP10
20260427,0051G0,SOL 미국원자력SMR
20260427,481190,SOL 미국테크TOP10
20260427,475300,SOL 반도체전공정
20260427,475310,SOL 반도체후공정
20260427,0152E0,SOL 배당성향탑픽액티브
20260427,400580,SOL 유럽탄소배출권선물S&P(H)
20260427,464610,SOL 의료기기소부장Fn
20260427,466930,SOL 자동차TOP3플러스
20260427,464600,SOL 자동차소부장Fn
20260427,0005D0,SOL 전고체배터리&실리콘음극재
20260427,466920,SOL 조선TOP3플러스
20260427,0080Y0,SOL 조선TOP3플러스레버리지
20260427,0141S0,SOL 조선기자재
20260427,436140,SOL 종합채권(AA-이상)액티브
20260427,0141T0,SOL 중기종합채권(AA-이상)액티브
20260427,0016X0,SOL 중단기회사채(A-이상)액티브
20260427,220130,SOL 차이나강소기업CSI500(합성 H)
20260427,0131A0,SOL 차이나소비트렌드
20260427,415760,SOL 차이나육성산업액티브(합성)
20260427,413220,SOL 차이나태양광CSI(합성)
20260427,469830,SOL 초단기채권액티브
20260427,0105E0,SOL 코리아고배당
20260427,444200,SOL 코리아메가테크액티브
20260427,495550,SOL 코리아밸류업TR
20260427,450910,SOL 코스닥150
20260427,0040X0,SOL 팔란티어미국채커버드콜혼합
20260427,0040Y0,SOL 팔란티어커버드콜OTM채권혼합
20260427,0105D0,SOL 한국AI소프트웨어
20260427,0092B0,SOL 한국원자력SMR
20260427,429980,SOL 한국형글로벌전기차&2차전지액티브
20260427,0008T0,SOL 화장품TOP3플러스
20260427,0139F0,TIGER 12월자동연장금융채(AA-이상)액티브
20260427,102110,TIGER 200
20260427,139260,TIGER 200 IT
20260427,139220,TIGER 200 건설
20260427,139290,TIGER 200 경기소비재
20260427,139270,TIGER 200 금융
20260427,227550,TIGER 200 산업재
20260427,227560,TIGER 200 생활소비재
20260427,139250,TIGER 200 에너지화학
20260427,139230,TIGER 200 중공업
20260427,139240,TIGER 200 철강소재
20260427,227540,TIGER 200 헬스케어
20260427,243880,TIGER 200IT레버리지
20260427,310960,TIGER 200TR
20260427,252000,TIGER 200동일가중
20260427,267770,TIGER 200선물레버리지
20260427,252710,TIGER 200선물인버스2X
20260427,243890,TIGER 200에너지화학레버리지
20260427,315270,TIGER 200커뮤니케이션서비스
20260427,289480,TIGER 200커버드콜
20260427,166400,TIGER 200커버드콜OTM
20260427,0104N0,TIGER 200타겟위클리커버드콜
20260427,480260,TIGER 27-04회사채(A+이상)액티브
20260427,0094K0,TIGER 28-04 회사채(A+이상)액티브
20260427,364980,TIGER 2차전지TOP10
20260427,412570,TIGER 2차전지TOP10레버리지
20260427,462010,TIGER 2차전지소재Fn
20260427,305540,TIGER 2차전지테마
20260427,471760,TIGER AI반도체핵심공정
20260427,365040,TIGER AI코리아그로스액티브
20260427,364960,TIGER BBIG
20260427,412560,TIGER BBIG레버리지
20260427,475630,TIGER CD1년금리액티브(합성)
20260427,357870,TIGER CD금리투자KIS(합성)
20260427,499660,TIGER CD금리플러스액티브(합성)
20260427,400970,TIGER Fn메타버스
20260427,377990,TIGER Fn신재생에너지
20260427,417630,TIGER KEDI혁신기업ESG30
20260427,449170,TIGER KOFR금리액티브(합성)
20260427,292160,TIGER KRX300
20260427,0072R0,TIGER KRX금현물
20260427,404540,TIGER KRX기후변화솔루션
20260427,228820,TIGER KTOP30
20260427,300610,TIGER K게임
20260427,463250,TIGER K방산&우주
20260427,138530,TIGER LG그룹플러스
20260427,445910,TIGER MKF배당귀족
20260427,289260,TIGER MSCI KOREA ESG리더스
20260427,289250,TIGER MSCI KOREA ESG유니버설
20260427,310970,TIGER MSCI Korea TR
20260427,269370,TIGER S&P글로벌인프라(합성)
20260427,248270,TIGER S&P글로벌헬스케어(합성)
20260427,0025N0,TIGER TDF2045 적격
20260427,453950,TIGER TSMC파운드리밸류체인
20260427,364990,TIGER 게임TOP10
20260427,139280,TIGER 경기방어
20260427,237440,TIGER 경기방어채권혼합
20260427,319640,TIGER 골드선물(H)
20260427,160580,TIGER 구리실물
20260427,451530,TIGER 국고채30년스트립액티브
20260427,114820,TIGER 국채3년
20260427,275980,TIGER 글로벌4차산업혁신기술(합성 H)
20260427,464310,TIGER 글로벌AI&로보틱스 INDXX
20260427,418670,TIGER 글로벌AI사이버보안
20260427,466950,TIGER 글로벌AI액티브
20260427,491010,TIGER 글로벌AI전력인프라액티브
20260427,412770,TIGER 글로벌AI플랫폼액티브
20260427,394670,TIGER 글로벌리튬&2차전지SOLACTIVE(합성)
20260427,440340,TIGER 글로벌멀티에셋TIF액티브
20260427,476690,TIGER 글로벌비만치료제TOP2Plus
20260427,480310,TIGER 글로벌온디바이스AI
20260427,387270,TIGER 글로벌이노베이션액티브
20260427,276000,TIGER 글로벌자원생산기업(합성 H)
20260427,394660,TIGER 글로벌자율주행&전기차SOLACTIVE
20260427,371450,TIGER 글로벌클라우드컴퓨팅INDXX
20260427,464930,TIGER 글로벌혁신블루칩TOP10
20260427,139320,TIGER 금은선물(H)
20260427,0168K0,TIGER 기술이전바이오액티브
20260427,137610,TIGER 농산물선물Enhanced(H)
20260427,182490,TIGER 단기선진하이일드(합성 H)
20260427,272580,TIGER 단기채권액티브
20260427,157450,TIGER 단기통안채
20260427,105010,TIGER 라틴35
20260427,123320,TIGER 레버리지
20260427,174350,TIGER 로우볼
20260427,329200,TIGER 리츠부동산인프라
20260427,0086C0,TIGER 리츠부동산인프라10채권혼합액티브
20260427,0086B0,TIGER 리츠부동산인프라TOP10액티브
20260427,341850,TIGER 리츠부동산인프라채권
20260427,0043B0,TIGER 머니마켓액티브
20260427,147970,TIGER 모멘텀
20260427,458250,TIGER 미국30년국채스트립액티브(합성 H)
20260427,476550,TIGER 미국30년국채커버드콜액티브(H)
20260427,0142D0,TIGER 미국AI데이터센터TOP4Plus
20260427,491830,TIGER 미국AI반도체팹리스
20260427,490090,TIGER 미국AI빅테크10
20260427,493810,TIGER 미국AI빅테크10타겟데일리커버드콜
20260427,0102A0,TIGER 미국AI소프트웨어TOP4Plus
20260427,0123G0,TIGER 미국AI전력SMR
20260427,182480,TIGER 미국MSCI리츠(합성 H)
20260427,360750,TIGER 미국S&P500
20260427,448290,TIGER 미국S&P500(H)
20260427,488500,TIGER 미국S&P500동일가중
20260427,225040,TIGER 미국S&P500레버리지(합성 H)
20260427,429000,TIGER 미국S&P500배당귀족
20260427,143850,TIGER 미국S&P500선물(H)
20260427,225030,TIGER 미국S&P500선물인버스(H)
20260427,482730,TIGER 미국S&P500타겟데일리커버드콜
20260427,133690,TIGER 미국나스닥100
20260427,448300,TIGER 미국나스닥100(H)
20260427,483240,TIGER 미국나스닥100ETF선물
20260427,418660,TIGER 미국나스닥100레버리지(합성)
20260427,435420,TIGER 미국나스닥100채권혼합50
20260427,441680,TIGER 미국나스닥100커버드콜(합성)
20260427,486290,TIGER 미국나스닥100타겟데일리커버드콜
20260427,429010,TIGER 미국나스닥넥스트100
20260427,203780,TIGER 미국나스닥바이오
20260427,245340,TIGER 미국다우존스30
20260427,456610,TIGER 미국달러SOFR금리액티브(합성)
20260427,329750,TIGER 미국달러단기채권액티브
20260427,261110,TIGER 미국달러선물레버리지
20260427,261120,TIGER 미국달러선물인버스2X
20260427,494840,TIGER 미국방산TOP10
20260427,458730,TIGER 미국배당다우존스
20260427,0008S0,TIGER 미국배당다우존스타겟데일리커버드콜
20260427,458750,TIGER 미국배당다우존스타겟커버드콜1호
20260427,458760,TIGER 미국배당다우존스타겟커버드콜2호
20260427,0015K0,TIGER 미국소비트렌드액티브
20260427,0183J0,TIGER 미국우주테크
20260427,305080,TIGER 미국채10년선물
20260427,0046A0,TIGER 미국초단기(3개월이하)국채
20260427,465670,TIGER 미국캐시카우100
20260427,381170,TIGER 미국테크TOP10 INDXX
20260427,472160,TIGER 미국테크TOP10 INDXX(H)
20260427,472170,TIGER 미국테크TOP10채권혼합
20260427,474220,TIGER 미국테크TOP10타겟커버드콜
20260427,458260,TIGER 미국투자등급회사채액티브(H)
20260427,497570,TIGER 미국필라델피아AI반도체나스닥
20260427,381180,TIGER 미국필라델피아반도체나스닥
20260427,423920,TIGER 미국필라델피아반도체레버리지(합성)
20260427,228810,TIGER 미디어컨텐츠
20260427,364970,TIGER 바이오TOP10
20260427,091230,TIGER 반도체
20260427,396500,TIGER 반도체TOP10
20260427,488080,TIGER 반도체TOP10레버리지
20260427,0177R0,TIGER 반도체TOP10커버드콜액티브
20260427,211560,TIGER 배당성장
20260427,472150,TIGER 배당커버드콜액티브
20260427,138520,TIGER 삼성그룹
20260427,157490,TIGER 소프트웨어
20260427,0000D0,TIGER 엔비디아미국채커버드콜밸런스(합성)
20260427,228800,TIGER 여행레저
20260427,227570,TIGER 우량가치
20260427,438330,TIGER 우량회사채액티브
20260427,261140,TIGER 우선주
20260427,130680,TIGER 원유선물Enhanced(H)
20260427,217770,TIGER 원유선물인버스(H)
20260427,195930,TIGER 유로스탁스50(합성 H)
20260427,225050,TIGER 유로스탁스레버리지(합성 H)
20260427,245350,TIGER 유로스탁스배당30
20260427,091220,TIGER 은행
20260427,466940,TIGER 은행고배당플러스TOP10
20260427,307510,TIGER 의료기기
20260427,225060,TIGER 이머징마켓MSCI레버리지(합성 H)
20260427,453870,TIGER 인도니프티50
20260427,236350,TIGER 인도니프티50레버리지(합성)
20260427,479730,TIGER 인도빌리언컨슈머
20260427,123310,TIGER 인버스
20260427,365000,TIGER 인터넷TOP10
20260427,195920,TIGER 일본TOPIX(합성 H)
20260427,241180,TIGER 일본니케이225
20260427,465660,TIGER 일본반도체FACTSET
20260427,292560,TIGER 일본엔선물
20260427,494670,TIGER 조선TOP10
20260427,451540,TIGER 종합채권(AA-이상)액티브
20260427,150460,TIGER 중국소비테마
20260427,302190,TIGER 중장기국채
20260427,157500,TIGER 증권
20260427,307520,TIGER 지주회사
20260427,0067Y0,TIGER 차이나AI소프트웨어
20260427,192090,TIGER 차이나CSI300
20260427,204480,TIGER 차이나CSI300레버리지(합성)
20260427,217780,TIGER 차이나CSI300인버스(합성)
20260427,245360,TIGER 차이나HSCEI
20260427,414780,TIGER 차이나과창판STAR50(합성)
20260427,0067V0,TIGER 차이나글로벌리더스TOP3+
20260427,371470,TIGER 차이나바이오테크SOLACTIVE
20260427,396520,TIGER 차이나반도체FACTSET
20260427,371460,TIGER 차이나전기차SOLACTIVE
20260427,456680,TIGER 차이나전기차레버리지(합성)
20260427,0133E0,TIGER 차이나증권
20260427,396510,TIGER 차이나클린에너지SOLACTIVE
20260427,0047A0,TIGER 차이나테크TOP10
20260427,117690,TIGER 차이나항셍30
20260427,371160,TIGER 차이나항셍테크
20260427,438320,TIGER 차이나항셍테크레버리지(합성 H)
20260427,0053L0,TIGER 차이나휴머노이드로봇
20260427,0117V0,TIGER 코리아AI전력기기TOP3플러스
20260427,292150,TIGER 코리아TOP10
20260427,0052D0,TIGER 코리아배당다우존스
20260427,0104P0,TIGER 코리아배당다우존스위클리커버드콜
20260427,496080,TIGER 코리아밸류업
20260427,0091P0,TIGER 코리아원자력
20260427,471780,TIGER 코리아테크액티브
20260427,0148J0,TIGER 코리아휴머노이드로봇산업
20260427,232080,TIGER 코스닥150
20260427,233160,TIGER 코스닥150 레버리지
20260427,261060,TIGER 코스닥150IT
20260427,261070,TIGER 코스닥150바이오테크
20260427,250780,TIGER 코스닥150선물인버스
20260427,461580,TIGER 코스닥글로벌
20260427,277630,TIGER 코스피
20260427,210780,TIGER 코스피고배당
20260427,277640,TIGER 코스피대형주
20260427,277650,TIGER 코스피중형주
20260427,376410,TIGER 탄소효율그린뉴딜
20260427,447770,TIGER 테슬라채권혼합Fn
20260427,0060H0,TIGER 토탈월드스탁액티브
20260427,387280,TIGER 퓨처모빌리티액티브
20260427,449690,TIGER 한중반도체(합성)
20260427,449680,TIGER 한중전기차(합성)
20260427,143860,TIGER 헬스케어
20260427,138540,TIGER 현대차그룹플러스
20260427,228790,TIGER 화장품
20260427,441800,TIME Korea플러스배당액티브
20260427,463050,TIME K바이오액티브
20260427,404120,TIME K신재생에너지액티브
20260427,385710,TIME K이노베이션액티브
20260427,410870,TIME K컬처액티브
20260427,456600,TIME 글로벌AI인공지능액티브
20260427,485810,TIME 글로벌바이오액티브
20260427,494180,TIME 글로벌소비트렌드액티브
20260427,478150,TIME 글로벌우주테크&방산액티브
20260427,0113D0,TIME 글로벌탑픽액티브
20260427,426020,TIME 미국S&P500액티브
20260427,426030,TIME 미국나스닥100액티브
20260427,0019K0,TIME 미국나스닥100채권혼합50액티브
20260427,0036D0,TIME 미국배당다우존스액티브
20260427,0043Y0,TIME 차이나AI테크액티브
20260427,495060,TIME 코리아밸류업액티브
20260427,0162Y0,TIME 코스닥액티브
20260427,385720,TIME 코스피액티브
20260427,108590,TREX 200
20260427,145850,TREX 펀더멘탈 200
20260427,472720,TRUSTON 주주가치액티브
20260427,496130,TRUSTON 코리아밸류업액티브
20260427,433250,UNICORN R&D 액티브
20260427,494220,UNICORN SK하이닉스밸류체인액티브
20260427,470310,UNICORN 생성형AI강소기업액티브
20260427,476000,UNICORN 포스트IPO액티브
20260427,422260,VITA MZ소비액티브
20260427,452440,VITA 밸류알파액티브
20260427,448100,WON 200
20260427,413930,WON AI ESG액티브
20260427,0088N0,WON K-글로벌수급상위
20260427,458030,WON 국공채머니마켓액티브
20260427,426150,WON 대한민국국고채액티브
20260427,0177A0,WON 두산그룹포커스
20260427,444490,WON 미국S&P500
20260427,489290,WON 미국빌리어네어
20260427,440910,WON 미국우주항공방산
20260427,474590,WON 반도체밸류체인액티브
20260427,496020,WON 전단채플러스액티브
20260427,488720,WON 종합채권(AA-이상)액티브
20260427,0154F0,WON 초대형IB&금융지주
20260427,480460,WON 한국부동산TOP3플러스
20260427,0053M0,더제이 중소형포커스액티브
20260427,0112X0,마이티 200TR
20260427,465780,마이티 26-09 특수채(AAA)액티브
20260427,442260,마이티 다이나믹퀀트액티브
20260427,0001P0,마이티 바이오시밀러&CDMO액티브
20260427,159800,마이티 코스피100
20260427,0007N0,아이엠에셋 200
20260427,462340,에셋플러스 글로벌다이나믹시니어액티브
20260427,433220,에셋플러스 글로벌대장장이액티브
20260427,451150,에셋플러스 글로벌영에이지액티브
20260427,477490,에셋플러스 글로벌일등기업포커스10액티브
20260427,407830,에셋플러스 글로벌플랫폼액티브
20260427,0002C0,에셋플러스 인도일등기업포커스20액티브
20260427,474920,에셋플러스 차이나일등기업포커스10액티브
20260427,442090,에셋플러스 코리아대장장이액티브
20260427,407820,에셋플러스 코리아플랫폼액티브
20260427,152870,파워 200
20260427,491510,파워 K-주주가치액티브
20260427,192720,파워 고배당저변동성
20260427,498180,파워 종합채권(AA-이상)액티브
20260427,140950,파워 코스피100
